id,route_ids/id,categ_id/id
__import__.product_1004130,purchase.route_warehouse0_buy,specific_data.product_categ__mat_equipement
__import__.product_1010770,purchase.route_warehouse0_buy,specific_data.product_categ__mat_conso
__import__.product_1016560,purchase.route_warehouse0_buy,specific_data.product_categ__mat_img_radio
__import__.product_1019670,purchase.route_warehouse0_buy,specific_data.product_categ__mat_conso
__import__.product_1032030,purchase.route_warehouse0_buy,specific_data.product_categ__mat_img_echo
__import__.product_1180061,purchase.route_warehouse0_buy,specific_data.product_categ__ali_physio
__import__.product_1239581,purchase.route_warehouse0_buy,specific_data.product_categ__ali_physio
__import__.product_2510485,purchase.route_warehouse0_buy,specific_data.product_categ__hormones
__import__.product_3305703,purchase.route_warehouse0_buy,specific_data.product_categ__antimicrobiens
__import__.product_4004191,"stock.route_warehouse0_mto,purchase.route_warehouse0_buy",specific_data.product_categ__mat_dentisterie
__import__.product_4634434,purchase.route_warehouse0_buy,specific_data.product_categ__vitamines
__import__.product_5042538,purchase.route_warehouse0_buy,specific_data.product_categ__ali_comp
__import__.product_5046543,purchase.route_warehouse0_buy,specific_data.product_categ__mat_equipement
__import__.product_5082200,purchase.route_warehouse0_buy,specific_data.product_categ__mat_petshop
__import__.product_5106324,purchase.route_warehouse0_buy,__temp__.product_categ_undefined
__import__.product_5107140,purchase.route_warehouse0_buy,specific_data.product_categ__mat_conso
__import__.product_5107142,purchase.route_warehouse0_buy,specific_data.product_categ__mat_conso
__import__.product_5112372,purchase.route_warehouse0_buy,specific_data.product_categ__mat_conso
__import__.product_5113584,purchase.route_warehouse0_buy,specific_data.product_categ__mat_conso
__import__.product_5147764,purchase.route_warehouse0_buy,specific_data.product_categ__mat_conso
__import__.product_5147936,purchase.route_warehouse0_buy,specific_data.product_categ__mat_conso
__import__.product_5150004,purchase.route_warehouse0_buy,specific_data.product_categ__mat_conso
__import__.product_5150122,purchase.route_warehouse0_buy,specific_data.product_categ__mat_sutures
__import__.product_5151014,purchase.route_warehouse0_buy,specific_data.product_categ__mat_equipement
__import__.product_5164940,purchase.route_warehouse0_buy,specific_data.product_categ__mat_conso
__import__.product_5175009,"stock.route_warehouse0_mto,purchase.route_warehouse0_buy",specific_data.product_categ__mat_equipement
__import__.product_5175145,purchase.route_warehouse0_buy,specific_data.product_categ__mat_equipement
__import__.product_5211261,purchase.route_warehouse0_buy,specific_data.product_categ__mat_rurale
__import__.product_5211262,purchase.route_warehouse0_buy,specific_data.product_categ__mat_rurale
__import__.product_5215040,purchase.route_warehouse0_buy,specific_data.product_categ__mat_rurale
__import__.product_5227052,purchase.route_warehouse0_buy,specific_data.product_categ__mat_rurale
__import__.product_5227970,purchase.route_warehouse0_buy,specific_data.product_categ__mat_conso
__import__.product_5244012,purchase.route_warehouse0_buy,specific_data.product_categ__mat_equipement
__import__.product_5244015,purchase.route_warehouse0_buy,specific_data.product_categ__mat_equipement
__import__.product_5250255,purchase.route_warehouse0_buy,specific_data.product_categ__mat_conso
__import__.product_5278082,purchase.route_warehouse0_buy,specific_data.product_categ__mat_conso
__import__.product_5278086,purchase.route_warehouse0_buy,specific_data.product_categ__mat_conso
__import__.product_5278087,purchase.route_warehouse0_buy,specific_data.product_categ__mat_conso
__import__.product_5278089,purchase.route_warehouse0_buy,specific_data.product_categ__mat_conso
__import__.product_5302253,purchase.route_warehouse0_buy,specific_data.product_categ__mat_equipement
__import__.product_5304100,purchase.route_warehouse0_buy,specific_data.product_categ__mat_conso
__import__.product_5307241,purchase.route_warehouse0_buy,specific_data.product_categ__mat_conso
__import__.product_5307242,purchase.route_warehouse0_buy,specific_data.product_categ__mat_conso
__import__.product_5307243,purchase.route_warehouse0_buy,specific_data.product_categ__mat_conso
__import__.product_5338690,purchase.route_warehouse0_buy,specific_data.product_categ__mat_equipement
__import__.product_5340905,purchase.route_warehouse0_buy,specific_data.product_categ__mat_sut_bobine
__import__.product_5425034,purchase.route_warehouse0_buy,specific_data.product_categ__mat_equipement
__import__.product_5425035,purchase.route_warehouse0_buy,specific_data.product_categ__mat_conso
__import__.product_5431500,purchase.route_warehouse0_buy,specific_data.product_categ__mat_conso
__import__.product_5508161,purchase.route_warehouse0_buy,specific_data.product_categ__mat_equipement
__import__.product_5512036,purchase.route_warehouse0_buy,specific_data.product_categ__importation
__import__.product_5617232,"stock.route_warehouse0_mto,purchase.route_warehouse0_buy",specific_data.product_categ__mat_equipement
__import__.product_5635501,purchase.route_warehouse0_buy,specific_data.product_categ__mat_dentisterie
__import__.product_5642167,purchase.route_warehouse0_buy,specific_data.product_categ__mat_conso
__import__.product_5700050,purchase.route_warehouse0_buy,specific_data.product_categ__mat_conso
__import__.product_5713110,purchase.route_warehouse0_buy,specific_data.product_categ__mat_equipement
__import__.product_5741741,purchase.route_warehouse0_buy,specific_data.product_categ__mat_img_radio
__import__.product_5823226,purchase.route_warehouse0_buy,specific_data.product_categ__ali_physio
__import__.product_5826150,"stock.route_warehouse0_mto,purchase.route_warehouse0_buy",specific_data.product_categ__mat_ortho
__import__.product_5826444,"stock.route_warehouse0_mto,purchase.route_warehouse0_buy",specific_data.product_categ__mat_ortho
__import__.product_5826475,"stock.route_warehouse0_mto,purchase.route_warehouse0_buy",specific_data.product_categ__mat_ortho
__import__.product_5900873,purchase.route_warehouse0_buy,specific_data.product_categ__mat_conso
__import__.product_5910038,purchase.route_warehouse0_buy,specific_data.product_categ__mat_sutures
__import__.product_5920662,purchase.route_warehouse0_buy,specific_data.product_categ__mat_conso
__import__.product_5929030,purchase.route_warehouse0_buy,specific_data.product_categ__mat_sut_bobine
__import__.product_5942179,purchase.route_warehouse0_buy,specific_data.product_categ__mat_conso
__import__.product_5967001,purchase.route_warehouse0_buy,specific_data.product_categ__mat_conso
__import__.product_6355030,"stock.route_warehouse0_mto,purchase.route_warehouse0_buy",specific_data.product_categ__mat_conso
__import__.product_6502213,"stock.route_warehouse0_mto,purchase.route_warehouse0_buy",specific_data.product_categ__mat_equipement
__import__.product_6741884,purchase.route_warehouse0_buy,specific_data.product_categ__importation
__import__.product_7142316,"stock.route_warehouse0_mto,purchase.route_warehouse0_buy",specific_data.product_categ__mat_sutures
__import__.product_8006048,purchase.route_warehouse0_buy,specific_data.product_categ__mat_conso
__import__.product_8020060,"stock.route_warehouse0_mto,purchase.route_warehouse0_buy",specific_data.product_categ__mat_instrumentation
__import__.product_8020858,purchase.route_warehouse0_buy,specific_data.product_categ__mat_instrumentation
__import__.product_8023288,purchase.route_warehouse0_buy,specific_data.product_categ__mat_instrumentation
__import__.product_8024193,purchase.route_warehouse0_buy,specific_data.product_categ__mat_conso
__import__.product_8029842,purchase.route_warehouse0_buy,specific_data.product_categ__mat_conso
__import__.product_8029931,purchase.route_warehouse0_buy,specific_data.product_categ__mat_equipement
__import__.product_8033080,purchase.route_warehouse0_buy,specific_data.product_categ__mat_instrumentation
__import__.product_8047001,"stock.route_warehouse0_mto,purchase.route_warehouse0_buy",specific_data.product_categ__mat_dentisterie
__import__.product_8047337,purchase.route_warehouse0_buy,specific_data.product_categ__mat_dentisterie
__import__.product_8047975,purchase.route_warehouse0_buy,specific_data.product_categ__mat_conso
__import__.product_8049833,purchase.route_warehouse0_buy,specific_data.product_categ__mat_equipement
__import__.product_8058915,purchase.route_warehouse0_buy,specific_data.product_categ__mat_instrumentation
__import__.product_8060415,purchase.route_warehouse0_buy,specific_data.product_categ__mat_cardio
__import__.product_8060473,purchase.route_warehouse0_buy,specific_data.product_categ__mat_conso
__import__.product_8063388,purchase.route_warehouse0_buy,specific_data.product_categ__mat_instrumentation
__import__.product_8070765,"stock.route_warehouse0_mto,purchase.route_warehouse0_buy",specific_data.product_categ__mat_rurale
__import__.product_8070767,"stock.route_warehouse0_mto,purchase.route_warehouse0_buy",specific_data.product_categ__mat_rurale
__import__.product_8075776,purchase.route_warehouse0_buy,specific_data.product_categ__mat_sutures
__import__.product_8207410,"stock.route_warehouse0_mto,purchase.route_warehouse0_buy",specific_data.product_categ__mat_equipement
__import__.product_8208556,purchase.route_warehouse0_buy,specific_data.product_categ__mat_petshop
__import__.product_8209403,purchase.route_warehouse0_buy,specific_data.product_categ__mat_conso
__import__.product_8209426,purchase.route_warehouse0_buy,specific_data.product_categ__mat_conso
__import__.product_8209604,"stock.route_warehouse0_mto,purchase.route_warehouse0_buy",specific_data.product_categ__mat_instrumentation
__import__.product_8211274,"stock.route_warehouse0_mto,purchase.route_warehouse0_buy",specific_data.product_categ__mat_conso
__import__.product_8213994,purchase.route_warehouse0_buy,specific_data.product_categ__mat_cardio
__import__.product_8214249,purchase.route_warehouse0_buy,specific_data.product_categ__mat_dentisterie
__import__.product_8222409,purchase.route_warehouse0_buy,specific_data.product_categ__mat_petshop
__import__.product_8232247,purchase.route_warehouse0_buy,specific_data.product_categ__mat_conso
__import__.product_8233117,purchase.route_warehouse0_buy,specific_data.product_categ__mat_conso
__import__.product_8248567,purchase.route_warehouse0_buy,specific_data.product_categ__mat_conso
__import__.product_8248610,purchase.route_warehouse0_buy,specific_data.product_categ__mat_conso
__import__.product_8248627,purchase.route_warehouse0_buy,specific_data.product_categ__mat_conso
__import__.product_8257537,"stock.route_warehouse0_mto,purchase.route_warehouse0_buy",specific_data.product_categ__mat_cardio
__import__.product_8259335,purchase.route_warehouse0_buy,specific_data.product_categ__mat_equipement
__import__.product_8280849,purchase.route_warehouse0_buy,specific_data.product_categ__mat_dentisterie
__import__.product_8286303,purchase.route_warehouse0_buy,specific_data.product_categ__mat_petshop
__import__.product_8294656,purchase.route_warehouse0_buy,specific_data.product_categ__mat_conso
__import__.product_8298766,"stock.route_warehouse0_mto,purchase.route_warehouse0_buy",specific_data.product_categ__mat_ortho
__import__.product_8352661,purchase.route_warehouse0_buy,specific_data.product_categ__mat_conso
__import__.product_8365416,purchase.route_warehouse0_buy,specific_data.product_categ__mat_conso
__import__.product_8379921,purchase.route_warehouse0_buy,specific_data.product_categ__mat_ortho
__import__.product_8380545,purchase.route_warehouse0_buy,specific_data.product_categ__mat_ortho
__import__.product_8380798,purchase.route_warehouse0_buy,specific_data.product_categ__mat_dentisterie
__import__.product_8382998,purchase.route_warehouse0_buy,specific_data.product_categ__mat_conso
__import__.product_8384767,purchase.route_warehouse0_buy,specific_data.product_categ__mat_conso
__import__.product_8389753,purchase.route_warehouse0_buy,specific_data.product_categ__mat_conso
__import__.product_8425147,purchase.route_warehouse0_buy,specific_data.product_categ__mat_equipement
__import__.product_8430094,purchase.route_warehouse0_buy,specific_data.product_categ__mat_sutures
__import__.product_8430272,purchase.route_warehouse0_buy,specific_data.product_categ__mat_conso
__import__.product_8481890,purchase.route_warehouse0_buy,specific_data.product_categ__mat_sutures
