id,product_code
__import__.supplierinfo_60422-2314433,040041
__import__.supplierinfo_60422-3023892,33969
__import__.supplierinfo_60422-3148343,034021
__import__.supplierinfo_60422-3315314,0340022
__import__.supplierinfo_60422-8024253,040539
__import__.supplierinfo_63198-8359479,E25
__import__.supplierinfo_63550-1735960,BIO-FLUORO BIOTECH
__import__.supplierinfo_63550-8038344,2D728OCP
__import__.supplierinfo_63556-5127524,12.75241.003
__import__.supplierinfo_66008-2328862,F05010V
__import__.supplierinfo_66008-2328904,F05110Y
__import__.supplierinfo_66008-2437325,F03010V
__import__.supplierinfo_66008-2553212,F31220P
__import__.supplierinfo_66008-3085859,F26880J
__import__.supplierinfo_66008-3426970,3426970
__import__.supplierinfo_66008-3426996,3426996
__import__.supplierinfo_66008-3427002,3427002
__import__.supplierinfo_66310-5680206,680201
__import__.supplierinfo_67530-8025206,180078
__import__.supplierinfo_67640-6764079,0079/1
__import__.supplierinfo_68250-5822387,10848XZ
__import__.supplierinfo_68301-8182331,
__import__.supplierinfo_68301-8182348,
__import__.supplierinfo_70312-8076824,98-24011-US
__import__.supplierinfo_71020-5007840,C7015
__import__.supplierinfo_71212-5632145,1831000
__import__.supplierinfo_74026-5326221,4700 PBOY XL
__import__.supplierinfo_74026-5470003,4700 PWTW L
__import__.supplierinfo_74026-5470005,4700 AZLW L
__import__.supplierinfo_74026-5470006,4700 LMGW L
__import__.supplierinfo_74026-5470047,4700 NAVW L
__import__.supplierinfo_74146-5654321,73385-HEL
__import__.supplierinfo_74215-5140257,LT-F02
__import__.supplierinfo_78650-4009011,17848
__import__.supplierinfo_78650-4950051,AY11D
__import__.supplierinfo_79000-8024069,500022606
__import__.supplierinfo_79000-8031187,702300014
__import__.supplierinfo_79000-8031365,702212520
__import__.supplierinfo_79000-8031371,702218520
__import__.supplierinfo_79000-8031388,702224520
__import__.supplierinfo_79000-8031394,702230520
__import__.supplierinfo_79000-8076304,250354
__import__.supplierinfo_79000-8209099,1961000
__import__.supplierinfo_79000-8215415,CY2457
__import__.supplierinfo_79000-8215438,CY2458
__import__.supplierinfo_79000-8215444,CY1033
__import__.supplierinfo_79000-8238391,ST07006B
__import__.supplierinfo_79000-8241950,
__import__.supplierinfo_79000-8246396,CY3332
__import__.supplierinfo_79000-8246462,CY3327-PIF45 13479
__import__.supplierinfo_79000-8268972,PE4E 38773
__import__.supplierinfo_79000-8295259,9781692135
__import__.supplierinfo_79000-8295265,9781692151
__import__.supplierinfo_79001-1804050,F45410G
__import__.supplierinfo_79100-0830679,54872B
__import__.supplierinfo_79100-1021898,E90520B
__import__.supplierinfo_79100-1021906,E90810B
__import__.supplierinfo_79100-1021914,E90710B
__import__.supplierinfo_79100-1035724,C15010C
__import__.supplierinfo_79100-1097641,43593L
__import__.supplierinfo_79100-1152891,C66310G
__import__.supplierinfo_79100-1183318,C02110A
__import__.supplierinfo_79100-1202225,E91040F
__import__.supplierinfo_79100-1655810,C23850F
__import__.supplierinfo_79100-2248870,C23620B
__import__.supplierinfo_79100-2330470,43597D
__import__.supplierinfo_79100-2379766,C53111
__import__.supplierinfo_79100-2450427,E90030B
__import__.supplierinfo_79100-2488732,C54310C
__import__.supplierinfo_79100-2572832,D59310B
__import__.supplierinfo_79100-2601268,C98410I
__import__.supplierinfo_79100-2657831,D65210B
__import__.supplierinfo_79100-2666237,838010L
__import__.supplierinfo_79100-2716843,798210C
__import__.supplierinfo_79100-2717445,C55840B
__import__.supplierinfo_79100-2717452,C55810C
__import__.supplierinfo_79100-2747632,E90210B
__import__.supplierinfo_79100-2761427,C66450E
__import__.supplierinfo_79100-2761435,C66460E
__import__.supplierinfo_79100-2815058,C13340F
__import__.supplierinfo_79100-2888592,837910B
__import__.supplierinfo_79100-2949980,281080S
__import__.supplierinfo_79100-2972289,C63510B
__import__.supplierinfo_79100-2972297,C63520B
__import__.supplierinfo_79100-3045507,F26210J
__import__.supplierinfo_79100-3054319,C74710F
__import__.supplierinfo_79100-3091048,E90420D
__import__.supplierinfo_79100-3116837,E90430C
__import__.supplierinfo_79100-3233772,D85610B
__import__.supplierinfo_79100-3233780,D85620C
__import__.supplierinfo_79100-3256120,F27610F
__import__.supplierinfo_79100-3256138,F27620F
__import__.supplierinfo_79100-3319332,D85720E
__import__.supplierinfo_79100-3319357,D85820E
__import__.supplierinfo_79100-3383767,C63930C
__import__.supplierinfo_79100-3409943,F37520F
__import__.supplierinfo_79100-3409950,F37510F
__import__.supplierinfo_79100-3409976,F44010D
__import__.supplierinfo_79100-3411238,C66940C
__import__.supplierinfo_79100-3412871,D89420H
__import__.supplierinfo_79100-3412889,D89410H
__import__.supplierinfo_79100-3439460,F45810F
__import__.supplierinfo_79100-3439478,F45820I
__import__.supplierinfo_79100-3508363,C66920C
__import__.supplierinfo_79100-5774677,C61420B
__import__.supplierinfo_79100-7910009,83414B
__import__.supplierinfo_79100-7910010,83411B
__import__.supplierinfo_79100-7910018,83417C
__import__.supplierinfo_79192-5000717,00717
__import__.supplierinfo_79192-5002314,02314
__import__.supplierinfo_79192-5003974,03974
__import__.supplierinfo_79192-5007110,07110
__import__.supplierinfo_79192-5007111,07111
__import__.supplierinfo_79192-5007116,07116
__import__.supplierinfo_79192-5552613,02613
__import__.supplierinfo_79192-5841000,03756
__import__.supplierinfo_79192-8180473,00722
__import__.supplierinfo_79192-8182785,SE3095
__import__.supplierinfo_79192-8183129,00672
__import__.supplierinfo_79192-8199969,01094
__import__.supplierinfo_79192-8200129,03737
__import__.supplierinfo_79192-8200158,03742
__import__.supplierinfo_79192-8200170,07002
__import__.supplierinfo_79192-8200187,07003
__import__.supplierinfo_79192-8200224,07007
__import__.supplierinfo_79192-8200253,07010
__import__.supplierinfo_79192-8200276,07011
__import__.supplierinfo_79192-8200282,07012
__import__.supplierinfo_79192-8200299,07013
__import__.supplierinfo_79192-8200307,07014
__import__.supplierinfo_79192-8200313,07015
__import__.supplierinfo_79192-8200336,07016
__import__.supplierinfo_79192-8200342,07017
__import__.supplierinfo_79192-8200359,07018
__import__.supplierinfo_79192-8200365,07019
__import__.supplierinfo_79192-8200371,07020
__import__.supplierinfo_79192-8200388,07021
__import__.supplierinfo_79192-8200394,07022
__import__.supplierinfo_79192-8200402,07023
__import__.supplierinfo_79192-8200419,07024
__import__.supplierinfo_79192-8200425,07025
__import__.supplierinfo_79192-8200431,07026
__import__.supplierinfo_79192-8200448,07027
__import__.supplierinfo_79192-8200454,07028
__import__.supplierinfo_79192-8200460,07029
__import__.supplierinfo_79192-8200477,07030
__import__.supplierinfo_79192-8200483,07031
__import__.supplierinfo_79192-8200508,07032
__import__.supplierinfo_79192-8200514,07033
__import__.supplierinfo_79192-8200520,07034
__import__.supplierinfo_79192-8200537,07035
__import__.supplierinfo_79192-8200543,07036
__import__.supplierinfo_79192-8200566,07037
__import__.supplierinfo_79192-8200572,07038
__import__.supplierinfo_79192-8200715,07051
__import__.supplierinfo_79192-8200721,07052
__import__.supplierinfo_79192-8200804,07059
__import__.supplierinfo_79192-8200891,02804
__import__.supplierinfo_79192-8200916,02805
__import__.supplierinfo_79192-8200922,02806
__import__.supplierinfo_79192-8200939,02807
__import__.supplierinfo_79192-8200945,02808
__import__.supplierinfo_79192-8200951,02809
__import__.supplierinfo_79192-8200968,02810
__import__.supplierinfo_79192-8200974,02812
__import__.supplierinfo_79192-8200980,07067
__import__.supplierinfo_79192-8200997,07068
__import__.supplierinfo_79192-8201005,01941
__import__.supplierinfo_79192-8201011,01942
__import__.supplierinfo_79192-8201028,01943
__import__.supplierinfo_79192-8201034,01944
__import__.supplierinfo_79192-8201040,01945
__import__.supplierinfo_79192-8201057,01946
__import__.supplierinfo_79192-8201063,01947
__import__.supplierinfo_79192-8201086,01948
__import__.supplierinfo_79192-8201092,01949
__import__.supplierinfo_79192-8201100,07071
__import__.supplierinfo_79192-8201117,07072
__import__.supplierinfo_79192-8201123,07073
__import__.supplierinfo_79192-8201146,07074
__import__.supplierinfo_79192-8201152,07075
__import__.supplierinfo_79192-8211529,07000
__import__.supplierinfo_79192-8211535,07057
__import__.supplierinfo_79192-8215361,04363
__import__.supplierinfo_79192-8224839,04277
__import__.supplierinfo_79192-8224845,04278
__import__.supplierinfo_79192-8224851,04279
__import__.supplierinfo_79192-8224868,04280
__import__.supplierinfo_79192-8224880,04282
__import__.supplierinfo_79192-8224897,04281
__import__.supplierinfo_79192-8228754,04464
__import__.supplierinfo_79192-8231874,04522
__import__.supplierinfo_79192-8233927,02312
__import__.supplierinfo_79192-8237428,07140
__import__.supplierinfo_79192-8237434,07139
__import__.supplierinfo_79192-8237440,07135
__import__.supplierinfo_79192-8237457,07136
__import__.supplierinfo_79192-8238735,02939
__import__.supplierinfo_79192-8238741,02938
__import__.supplierinfo_79192-8258034,07185
__import__.supplierinfo_79192-8352424,01034
__import__.supplierinfo_79192-8369124,02064
__import__.supplierinfo_79192-8369615,02813
__import__.supplierinfo_79192-8371730,01889
__import__.supplierinfo_79192-8371747,01890
__import__.supplierinfo_79192-8371753,01891
__import__.supplierinfo_79192-8371776,01892
__import__.supplierinfo_79192-8371782,01893
__import__.supplierinfo_79192-8371799,01894
__import__.supplierinfo_79192-8371807,01895
__import__.supplierinfo_79192-8371813,'01896
__import__.supplierinfo_79192-8371871,02593
__import__.supplierinfo_79192-8371888,02592
__import__.supplierinfo_79192-8372706,1587
__import__.supplierinfo_79192-8373249,01194
__import__.supplierinfo_79192-8373261,01186
__import__.supplierinfo_79192-8373290,01188
__import__.supplierinfo_79192-8373309,01190
__import__.supplierinfo_79192-8373315,01192
__import__.supplierinfo_79192-8373611,02339
__import__.supplierinfo_79192-8375739,01103
__import__.supplierinfo_79192-8376029,01100
__import__.supplierinfo_79192-8376035,01601
__import__.supplierinfo_79192-8376041,01602
__import__.supplierinfo_79192-8376064,01043
__import__.supplierinfo_79192-8376070,01044
__import__.supplierinfo_79192-8376087,01045
__import__.supplierinfo_79192-8376093,01046
__import__.supplierinfo_79192-8376101,01047
__import__.supplierinfo_79192-8376118,01048
__import__.supplierinfo_79192-8376124,01049
__import__.supplierinfo_79192-8376130,01050
__import__.supplierinfo_79192-8376147,01051
__import__.supplierinfo_79192-8376153,01052
__import__.supplierinfo_79192-8376176,01053
__import__.supplierinfo_79192-8376182,01054
__import__.supplierinfo_79192-8376199,01055
__import__.supplierinfo_79192-8376207,01056
__import__.supplierinfo_79192-8376213,01057
__import__.supplierinfo_79192-8376236,01058
__import__.supplierinfo_79192-8376242,01059
__import__.supplierinfo_79192-8376259,01060
__import__.supplierinfo_79192-8376265,01061
__import__.supplierinfo_79192-8376271,01062
__import__.supplierinfo_79192-8376288,01063
__import__.supplierinfo_79192-8376294,01064
__import__.supplierinfo_79192-8376302,01065
__import__.supplierinfo_79192-8376319,01066
__import__.supplierinfo_79192-8376325,01067
__import__.supplierinfo_79192-8376331,01068
__import__.supplierinfo_79192-8376348,01069
__import__.supplierinfo_79192-8376354,01070
__import__.supplierinfo_79192-8376360,01071
__import__.supplierinfo_79192-8376377,01072
__import__.supplierinfo_79192-8376383,01073
__import__.supplierinfo_79192-8376408,01074
__import__.supplierinfo_79192-8382113,01615
__import__.supplierinfo_79192-8382159,01616
__import__.supplierinfo_79192-8388558,01453
__import__.supplierinfo_79192-8388831,01656
__import__.supplierinfo_79200-5012616,16150126
__import__.supplierinfo_79200-5016310,16350130
__import__.supplierinfo_79200-5016336,16351436
__import__.supplierinfo_79200-5021516,16151516
__import__.supplierinfo_79200-5021519,16201519
__import__.supplierinfo_79200-5021621,16100117
__import__.supplierinfo_79200-5021626,16300126
__import__.supplierinfo_79200-5021628,16200122
__import__.supplierinfo_79200-5021630,16200130
__import__.supplierinfo_79200-5022026,16201526
__import__.supplierinfo_79200-5023026,16301526
__import__.supplierinfo_79200-5130126,13300126
__import__.supplierinfo_79200-5132126,13200126
__import__.supplierinfo_79200-5134016,13071512
__import__.supplierinfo_79200-5134036,13401436
__import__.supplierinfo_79200-5134540,13401540
__import__.supplierinfo_79200-5135017,13100117
__import__.supplierinfo_79200-5135019,13101519
__import__.supplierinfo_79200-5135022,13150122
__import__.supplierinfo_79200-5135540,13501540
__import__.supplierinfo_79200-5160512,16101512P
__import__.supplierinfo_79200-5161512,16151512P
__import__.supplierinfo_79200-5163516,16350136
__import__.supplierinfo_79200-5164016,16400136
__import__.supplierinfo_79200-5167113,16070113
__import__.supplierinfo_79200-5320512,13101512
__import__.supplierinfo_79200-5320519,13201519
__import__.supplierinfo_79200-5320524,13201524
__import__.supplierinfo_79200-5330130,13350130
__import__.supplierinfo_79200-5330136,13350136
__import__.supplierinfo_79200-5335436,13351436
__import__.supplierinfo_79200-5351524,13351524
__import__.supplierinfo_79200-5910004,15300122
__import__.supplierinfo_79200-5910005,15350126
__import__.supplierinfo_79200-5910006,15400130
__import__.supplierinfo_79200-5910021,15101519
__import__.supplierinfo_79200-5910022,15151519
__import__.supplierinfo_79200-5910023,15201519
__import__.supplierinfo_79200-5910027,15101512
__import__.supplierinfo_79200-5910030,15301530
__import__.supplierinfo_79200-5910039,15070113
__import__.supplierinfo_79200-5910136,15401540
__import__.supplierinfo_79200-5911023,15201524
__import__.supplierinfo_79200-5911025,15351536
__import__.supplierinfo_79200-5912017,15200117
__import__.supplierinfo_79200-5931440,15501440
__import__.supplierinfo_79200-8213712,13400140
__import__.supplierinfo_79462-7429068,SV-1187-20
__import__.supplierinfo_79462-8024885,SV-12222-31
__import__.supplierinfo_82701-2710762,F12710L
__import__.supplierinfo_82701-2764751,F12820Y
__import__.supplierinfo_82936-5082200,
__import__.supplierinfo_83322-5803920,3050030092
