id,belgium_only
__import__.product_0004551,1
__import__.product_0004560,1
__import__.product_0004588,1
__import__.product_0004590,1
__import__.product_0062190,1
__import__.product_0062208,1
__import__.product_1037500,1
__import__.product_1047500,1
__import__.product_1306200,1
__import__.product_1346100,1
__import__.product_1405022,1
__import__.product_2112500,1
__import__.product_2114200,1
__import__.product_2115500,1
__import__.product_2511200,1
__import__.product_2511300,1
__import__.product_2511400,1
__import__.product_2511500,1
__import__.product_2511600,1
__import__.product_2511700,1
__import__.product_2511800,1
__import__.product_3287700,1
__import__.product_3287900,1
__import__.product_3288000,1
__import__.product_3288200,1
__import__.product_3525000,1
__import__.product_3526700,1
__import__.product_3526800,1
__import__.product_3531700,1
__import__.product_3532100,1
__import__.product_3532200,1
__import__.product_3532300,1
__import__.product_3532400,1
__import__.product_3532500,1
__import__.product_3532600,1
__import__.product_3532700,1
__import__.product_3532800,1
__import__.product_3543400,1
__import__.product_3543500,1
__import__.product_3553800,1
__import__.product_3554900,1
__import__.product_3556400,1
__import__.product_3557100,1
__import__.product_3557500,1
__import__.product_4175000,1
__import__.product_4175100,1
__import__.product_4447057,1
__import__.product_4484638,1
__import__.product_4518604,1
__import__.product_4518610,1
__import__.product_4518633,1
__import__.product_4518656,1
__import__.product_5005000,1
__import__.product_5005100,1
__import__.product_5006110,1
__import__.product_5009694,1
__import__.product_5010501,1
__import__.product_5010509,1
__import__.product_5010512,1
__import__.product_5012512,1
__import__.product_5013012,1
__import__.product_5013615,1
__import__.product_5014512,1
__import__.product_5014612,1
__import__.product_5015112,1
__import__.product_5015212,1
__import__.product_5015700,1
__import__.product_5016001,1
__import__.product_5019020,1
__import__.product_5039031,1
__import__.product_5039032,1
__import__.product_5039033,1
__import__.product_5042500,1
__import__.product_5042501,1
__import__.product_5042502,1
__import__.product_5042503,1
__import__.product_5042504,1
__import__.product_5042506,1
__import__.product_5042507,1
__import__.product_5042508,1
__import__.product_5042509,1
__import__.product_5042510,1
__import__.product_5042511,1
__import__.product_5042512,1
__import__.product_5042513,1
__import__.product_5042514,1
__import__.product_5042515,1
__import__.product_5042516,1
__import__.product_5042517,1
__import__.product_5042518,1
__import__.product_5042519,1
__import__.product_5042520,1
__import__.product_5042521,1
__import__.product_5042522,1
__import__.product_5042523,1
__import__.product_5042524,1
__import__.product_5042525,1
__import__.product_5042526,1
__import__.product_5042527,1
__import__.product_5042528,1
__import__.product_5042529,1
__import__.product_5042530,1
__import__.product_5042531,1
__import__.product_5042532,1
__import__.product_5042533,1
__import__.product_5042534,1
__import__.product_5042535,1
__import__.product_5042536,1
__import__.product_5042537,1
__import__.product_5042538,1
__import__.product_5042539,1
__import__.product_5042540,1
__import__.product_5042541,1
__import__.product_5042542,1
__import__.product_5042543,1
__import__.product_5042550,1
__import__.product_5043800,1
__import__.product_5043801,1
__import__.product_5051630,1
__import__.product_5065361,1
__import__.product_5065831,1
__import__.product_5065832,1
__import__.product_5071012,1
__import__.product_5074091,1
__import__.product_5093509,1
__import__.product_5095830,1
__import__.product_5097631,1
__import__.product_5105200,1
__import__.product_5105300,1
__import__.product_5106110,1
__import__.product_5106200,1
__import__.product_5109902,1
__import__.product_5117658,1
__import__.product_5119701,1
__import__.product_5124548,1
__import__.product_5155000,1
__import__.product_5161401,1
__import__.product_5161411,1
__import__.product_5164500,1
__import__.product_5164501,1
__import__.product_5164502,1
__import__.product_5164503,1
__import__.product_5164504,1
__import__.product_5164505,1
__import__.product_5164506,1
__import__.product_5164507,1
__import__.product_5164508,1
__import__.product_5164509,1
__import__.product_5164510,1
__import__.product_5164511,1
__import__.product_5164512,1
__import__.product_5164513,1
__import__.product_5164514,1
__import__.product_5164515,1
__import__.product_5164516,1
__import__.product_5164517,1
__import__.product_5164518,1
__import__.product_5164519,1
__import__.product_5164520,1
__import__.product_5164521,1
__import__.product_5164522,1
__import__.product_5164523,1
__import__.product_5164524,1
__import__.product_5164525,1
__import__.product_5164526,1
__import__.product_5164527,1
__import__.product_5164528,1
__import__.product_5164529,1
__import__.product_5164530,1
__import__.product_5164531,1
__import__.product_5164532,1
__import__.product_5164533,1
__import__.product_5164534,1
__import__.product_5164536,1
__import__.product_5164537,1
__import__.product_5164538,1
__import__.product_5164539,1
__import__.product_5164540,1
__import__.product_5164541,1
__import__.product_5164542,1
__import__.product_5164543,1
__import__.product_5164544,1
__import__.product_5164545,1
__import__.product_5164546,1
__import__.product_5164547,1
__import__.product_5164548,1
__import__.product_5164549,1
__import__.product_5164550,1
__import__.product_5164551,1
__import__.product_5164552,1
__import__.product_5164553,1
__import__.product_5164555,1
__import__.product_5164557,1
__import__.product_5164559,1
__import__.product_5164560,1
__import__.product_5164561,1
__import__.product_5164562,1
__import__.product_5165352,1
__import__.product_5165361,1
__import__.product_5180021,1
__import__.product_5184593,1
__import__.product_5203010,1
__import__.product_5204830,1
__import__.product_5215302,1
__import__.product_5216050,1
__import__.product_5216055,1
__import__.product_5216060,1
__import__.product_5219007,1
__import__.product_5224581,1
__import__.product_5233009,1
__import__.product_5233017,1
__import__.product_5236005,1
__import__.product_5239005,1
__import__.product_5259800,1
__import__.product_5259801,1
__import__.product_5259802,1
__import__.product_5259803,1
__import__.product_5259804,1
__import__.product_5259805,1
__import__.product_5259806,1
__import__.product_5259807,1
__import__.product_5259808,1
__import__.product_5259809,1
__import__.product_5259810,1
__import__.product_5259811,1
__import__.product_5259812,1
__import__.product_5259813,1
__import__.product_5259814,1
__import__.product_5259815,1
__import__.product_5259816,1
__import__.product_5259817,1
__import__.product_5259818,1
__import__.product_5259819,1
__import__.product_5259820,1
__import__.product_5259821,1
__import__.product_5259822,1
__import__.product_5259823,1
__import__.product_5259824,1
__import__.product_5259825,1
__import__.product_5259826,1
__import__.product_5259827,1
__import__.product_5259828,1
__import__.product_5259829,1
__import__.product_5259830,1
__import__.product_5259831,1
__import__.product_5259832,1
__import__.product_5259833,1
__import__.product_5259834,1
__import__.product_5259835,1
__import__.product_5259836,1
__import__.product_5259837,1
__import__.product_5259838,1
__import__.product_5259839,1
__import__.product_5259840,1
__import__.product_5259841,1
__import__.product_5259842,1
__import__.product_5259843,1
__import__.product_5259844,1
__import__.product_5259845,1
__import__.product_5259846,1
__import__.product_5259847,1
__import__.product_5259848,1
__import__.product_5259849,1
__import__.product_5259850,1
__import__.product_5259851,1
__import__.product_5259852,1
__import__.product_5259853,1
__import__.product_5259854,1
__import__.product_5259855,1
__import__.product_5259856,1
__import__.product_5259857,1
__import__.product_5259858,1
__import__.product_5259859,1
__import__.product_5259860,1
__import__.product_5259861,1
__import__.product_5259862,1
__import__.product_5259863,1
__import__.product_5259864,1
__import__.product_5259865,1
__import__.product_5259866,1
__import__.product_5259867,1
__import__.product_5259868,1
__import__.product_5259869,1
__import__.product_5259870,1
__import__.product_5259871,1
__import__.product_5259872,1
__import__.product_5259873,1
__import__.product_5259874,1
__import__.product_5259875,1
__import__.product_5259876,1
__import__.product_5259877,1
__import__.product_5259878,1
__import__.product_5259879,1
__import__.product_5263556,1
__import__.product_5274093,1
__import__.product_5274137,1
__import__.product_5274153,1
__import__.product_5274203,1
__import__.product_5274204,1
__import__.product_5274441,1
__import__.product_5274494,1
__import__.product_5274526,1
__import__.product_5274527,1
__import__.product_5274646,1
__import__.product_5274657,1
__import__.product_5274658,1
__import__.product_5274659,1
__import__.product_5275599,1
__import__.product_5275640,1
__import__.product_5275862,1
__import__.product_5275866,1
__import__.product_5308816,1
__import__.product_5308817,1
__import__.product_5308818,1
__import__.product_5308819,1
__import__.product_5310107,1
__import__.product_5310501,1
__import__.product_5310512,1
__import__.product_5311001,1
__import__.product_5311003,1
__import__.product_5311009,1
__import__.product_5311012,1
__import__.product_5311501,1
__import__.product_5311502,1
__import__.product_5311512,1
__import__.product_5312001,1
__import__.product_5312003,1
__import__.product_5312007,1
__import__.product_5312015,1
__import__.product_5312503,1
__import__.product_5312509,1
__import__.product_5313003,1
__import__.product_5313009,1
__import__.product_5313503,1
__import__.product_5313515,1
__import__.product_5313603,1
__import__.product_5313615,1
__import__.product_5314103,1
__import__.product_5314112,1
__import__.product_5314501,1
__import__.product_5314502,1
__import__.product_5314512,1
__import__.product_5314602,1
__import__.product_5314612,1
__import__.product_5314702,1
__import__.product_5314712,1
__import__.product_5315103,1
__import__.product_5315112,1
__import__.product_5315203,1
__import__.product_5315212,1
__import__.product_5315312,1
__import__.product_5315401,1
__import__.product_5315403,1
__import__.product_5316004,1
__import__.product_5316020,1
__import__.product_5316040,1
__import__.product_5316100,1
__import__.product_5316410,1
__import__.product_5317004,1
__import__.product_5317020,1
__import__.product_5317040,1
__import__.product_5317504,1
__import__.product_5317515,1
__import__.product_5317530,1
__import__.product_5317599,1
__import__.product_5317619,1
__import__.product_5317639,1
__import__.product_5317669,1
__import__.product_5317679,1
__import__.product_5317719,1
__import__.product_5317740,1
__import__.product_5317749,1
__import__.product_5317769,1
__import__.product_5317839,1
__import__.product_5317899,1
__import__.product_5317929,1
__import__.product_5317979,1
__import__.product_5317989,1
__import__.product_5318004,1
__import__.product_5318020,1
__import__.product_5318040,1
__import__.product_5318100,1
__import__.product_5319004,1
__import__.product_5319040,1
__import__.product_5320001,1
__import__.product_5320002,1
__import__.product_5320003,1
__import__.product_5322004,1
__import__.product_5322020,1
__import__.product_5322040,1
__import__.product_5322100,1
__import__.product_5324001,1
__import__.product_5324003,1
__import__.product_5338818,1
__import__.product_5338868,1
__import__.product_5340000,1
__import__.product_5340004,1
__import__.product_5340010,1
__import__.product_5340014,1
__import__.product_5340020,1
__import__.product_5340030,1
__import__.product_5340034,1
__import__.product_5340040,1
__import__.product_5340050,1
__import__.product_5340054,1
__import__.product_5340100,1
__import__.product_5341020,1
__import__.product_5341030,1
__import__.product_5341050,1
__import__.product_5350070,1
__import__.product_5350080,1
__import__.product_5353000,1
__import__.product_5354000,1
__import__.product_5354030,1
__import__.product_5354150,1
__import__.product_5360002,1
__import__.product_5360012,1
__import__.product_5361002,1
__import__.product_5361012,1
__import__.product_5361760,1
__import__.product_5361772,1
__import__.product_5361775,1
__import__.product_5361784,1
__import__.product_5361785,1
__import__.product_5361786,1
__import__.product_5361787,1
__import__.product_5361788,1
__import__.product_5361790,1
__import__.product_5361791,1
__import__.product_5361796,1
__import__.product_5361797,1
__import__.product_5361891,1
__import__.product_5361901,1
__import__.product_5362002,1
__import__.product_5362012,1
__import__.product_5362016,1
__import__.product_5362017,1
__import__.product_5362018,1
__import__.product_5362019,1
__import__.product_5362020,1
__import__.product_5362021,1
__import__.product_5362022,1
__import__.product_5362040,1
__import__.product_5362041,1
__import__.product_5362042,1
__import__.product_5362043,1
__import__.product_5362251,1
__import__.product_5362253,1
__import__.product_5362254,1
__import__.product_5362255,1
__import__.product_5362258,1
__import__.product_5362298,1
__import__.product_5362300,1
__import__.product_5362312,1
__import__.product_5362320,1
__import__.product_5362321,1
__import__.product_5362322,1
__import__.product_5362323,1
__import__.product_5362324,1
__import__.product_5362325,1
__import__.product_5362326,1
__import__.product_5362327,1
__import__.product_5363002,1
__import__.product_5363007,1
__import__.product_5364000,1
__import__.product_5364001,1
__import__.product_5365002,1
__import__.product_5365007,1
__import__.product_5365138,1
__import__.product_5365146,1
__import__.product_5365232,1
__import__.product_5365234,1
__import__.product_5365272,1
__import__.product_5365274,1
__import__.product_5366000,1
__import__.product_5366001,1
__import__.product_5367002,1
__import__.product_5368002,1
__import__.product_5368012,1
__import__.product_5369002,1
__import__.product_5369012,1
__import__.product_5370002,1
__import__.product_5370012,1
__import__.product_5371002,1
__import__.product_5371012,1
__import__.product_5372002,1
__import__.product_5372012,1
__import__.product_5373002,1
__import__.product_5373012,1
__import__.product_5374002,1
__import__.product_5374012,1
__import__.product_5404034,1
__import__.product_5416395,1
__import__.product_5416396,1
__import__.product_5416403,1
__import__.product_5416411,1
__import__.product_5416429,1
__import__.product_5416430,1
__import__.product_5416437,1
__import__.product_5416438,1
__import__.product_5416445,1
__import__.product_5416452,1
__import__.product_5416453,1
__import__.product_5432007,1
__import__.product_5432015,1
__import__.product_5450015,1
__import__.product_5450018,1
__import__.product_5464561,1
__import__.product_5521500,1
__import__.product_5521700,1
__import__.product_5521800,1
__import__.product_5521900,1
__import__.product_5522600,1
__import__.product_5523200,1
__import__.product_5523400,1
__import__.product_5523600,1
__import__.product_5524100,1
__import__.product_5524200,1
__import__.product_5524300,1
__import__.product_5524400,1
__import__.product_5702000,1
__import__.product_5713012,1
__import__.product_5760268,1
__import__.product_5764800,1
__import__.product_5810467,1
__import__.product_5821725,1
__import__.product_5821726,1
__import__.product_5822437,1
__import__.product_5823446,1
__import__.product_5823447,1
__import__.product_5826228,1
__import__.product_5828647,1
__import__.product_5828648,1
__import__.product_5828649,1
__import__.product_5828662,1
__import__.product_5828666,1
__import__.product_5828667,1
__import__.product_5828668,1
__import__.product_5828690,1
__import__.product_5828692,1
__import__.product_5828693,1
__import__.product_5829001,1
__import__.product_5829002,1
__import__.product_5830000,1
__import__.product_5967000,1
__import__.product_5967001,1
__import__.product_5967003,1
__import__.product_5967011,1
__import__.product_6045040,1
__import__.product_6045081,1
__import__.product_6045082,1
__import__.product_6045083,1
__import__.product_6045085,1
__import__.product_6045086,1
__import__.product_6045087,1
__import__.product_6045088,1
__import__.product_6045089,1
__import__.product_6045190,1
__import__.product_6045200,1
__import__.product_6045201,1
__import__.product_6045202,1
__import__.product_6045203,1
__import__.product_6045204,1
__import__.product_6045205,1
__import__.product_6045206,1
__import__.product_6045207,1
__import__.product_6045208,1
__import__.product_6045209,1
__import__.product_6045210,1
__import__.product_6045211,1
__import__.product_6045385,1
__import__.product_6258029,1
__import__.product_7096600,1
__import__.product_7420040,1
__import__.product_7455050,1
__import__.product_7517924,1
__import__.product_7594184,1
__import__.product_8088939,1
__import__.product_8090200,1
__import__.product_8106900,1
__import__.product_8107100,1
__import__.product_8108600,1
__import__.product_8235000,1
__import__.product_8259801,1
__import__.product_8259802,1
__import__.product_8259803,1
__import__.product_8259804,1
__import__.product_8259805,1
__import__.product_8259806,1
__import__.product_8259807,1
__import__.product_8259808,1
__import__.product_8259809,1
__import__.product_8259810,1
__import__.product_8259811,1
__import__.product_8259812,1
__import__.product_8259813,1
__import__.product_8259814,1
__import__.product_8259815,1
__import__.product_8259816,1
__import__.product_8259817,1
__import__.product_8259818,1
__import__.product_8259819,1
__import__.product_8259820,1
__import__.product_8259821,1
__import__.product_8259822,1
__import__.product_8259823,1
__import__.product_8259824,1
__import__.product_8259825,1
__import__.product_8259826,1
__import__.product_8259827,1
__import__.product_8259828,1
__import__.product_8259829,1
__import__.product_8259830,1
__import__.product_8259831,1
__import__.product_8259832,1
__import__.product_8259833,1
__import__.product_8259834,1
__import__.product_8259835,1
__import__.product_8259836,1
__import__.product_8259837,1
__import__.product_8259838,1
__import__.product_8259839,1
__import__.product_8259840,1
__import__.product_8259841,1
__import__.product_8259842,1
__import__.product_8259843,1
__import__.product_8259844,1
__import__.product_8259845,1
__import__.product_8259846,1
__import__.product_8259847,1
__import__.product_8259848,1
__import__.product_8259850,1
__import__.product_8259851,1
__import__.product_8259852,1
__import__.product_8259853,1
__import__.product_8259854,1
__import__.product_8259856,1
__import__.product_8259857,1
__import__.product_8259858,1
__import__.product_8401500,1
__import__.product_8403500,1
__import__.product_8425200,1
__import__.product_8446000,1
__import__.product_8459324,1
__import__.product_8466000,1
__import__.product_8474000,1
__import__.product_8504300,1
__import__.product_8504500,1
__import__.product_8514100,1
__import__.product_8515100,1
__import__.product_8560010,1
__import__.product_8762000,1
__import__.product_8762100,1
__import__.product_8804600,1
__import__.product_8804700,1
__import__.product_8825500,1
__import__.product_8825600,1
__import__.product_8825700,1
__import__.product_8825800,1
__import__.product_8825900,1
__import__.product_8826000,1
__import__.product_8826100,1
__import__.product_8826400,1
__import__.product_8826500,1
__import__.product_8826600,1
__import__.product_8830000,1
__import__.product_8847600,1
__import__.product_8895300,1
__import__.product_8916000,1
__import__.product_8952500,1
__import__.product_8952700,1
__import__.product_9012400,1
__import__.product_9015700,1
__import__.product_9015800,1
__import__.product_9352000,1
__import__.product_9536500,1
