id,bic,name
__import__.bank_ABERBE21,ABERBE21,Antwerps Beroepskrediet (A.B.K.)
__import__.bank_ABNABEBR,ABNABEBR,RABOBANK
__import__.bank_ABNABEBR,ABNABEBR,The Royal Bank of Scotland N.V. (Be
__import__.bank_ABNANL2A,ABNANL2A,abn
__import__.bank_ABNANL2A,ABNANL2A,ABN amro
__import__.bank_ABNANL2A,ABNANL2A,ABN AMRO
__import__.bank_ABNANL2A,ABNANL2A,ABN AMRO BANK
__import__.bank_ABNANL2A,ABNANL2A,AMRO BANK
__import__.bank_ABNANL2A,ABNANL2A,KVK GRONINGEN 02033672
__import__.bank_AGBACZPP,AGBACZPP,GE MONEY BANK
__import__.bank_AGRIFRPP802,AGRIFRPP802,CRCAM DU NORD EST
__import__.bank_AGRIFRPP822,AGRIFRPP822,CREDIT AGRICOLE DES COTES DARMOR
__import__.bank_AGRIFRPP844,AGRIFRPP844,Credit Agricole
__import__.bank_AGRIFRPP847,AGRIFRPP847,Crédit agricole
__import__.bank_AGRIFRPP861,AGRIFRPP861,CREDIT AGRICOLE DE LORRAINE
__import__.bank_AGRIFRPP867,AGRIFRPP867,Crédit Agricole Mutuel
__import__.bank_AGRIFRPP867,AGRIFRPP867,CREDIT AGRICOLE
__import__.bank_AGRIFRPP869,AGRIFRPP869,CREDIT AGRICOLE
__import__.bank_AGRIFRPP878,AGRIFRPP878,CRCAM Centre Est
__import__.bank_AGRIFRPP882,AGRIFRPP882,CREDIT AGRICOLE IDF
__import__.bank_AGRIFRPP895,AGRIFRPP895,Crédit Agricole du Centre Ouest
__import__.bank_ARSPBE22,ARSPBE22,Argenta Banque d'Epargne (ASPA)
__import__.bank_AXABBE22,AXABBE22,AXA Bank Europe
__import__.bank_BACRIT21013,BACRIT21013,CREDEM
__import__.bank_BARCGB22,BARCGB22,Barclays
__import__.bank_BARCGB22,BARCGB22,Barclays Bank
__import__.bank_BARCGB22,BARCGB22,Barclays Bank Pic
__import__.bank_BBRUBEBB,BBRUBEBB,ing
__import__.bank_BBRUBEBB,BBRUBEBB,ING
__import__.bank_BBRUBEBB,BBRUBEBB,ING Belgique
__import__.bank_BBRUBEBB,BBRUBEBB,ING BANK
__import__.bank_BBVAESMM,BBVAESMM,BBVA Girona
__import__.bank_BCEELULL,BCEELULL,Banque/Caisse d'Epargne de l'etat
__import__.bank_BCEELULL,BCEELULL,BCEE
__import__.bank_BCVLCH2LXXX,BCVLCH2LXXX,Banque Cantonale Vaudoise
__import__.bank_BDCHBE22,BDCHBE22,Deutsche Bank
__import__.bank_BGLLLULL,BGLLLULL,BGL BNP Paribas S.A.
__import__.bank_BILLLULL,BILLLULL,Bil Bank
__import__.bank_BKBKESMMXXX,BKBKESMMXXX,BANKINTER (Vigo Branch)
__import__.bank_BKCPBEB1BKB,BKCPBEB1BKB,BKCP
__import__.bank_BLOPIT22,BLOPIT22,UBI BANCA
__import__.bank_BNAGBEBB,BNAGBEBB,Delta Lloyd Bank
__import__.bank_BNAGBEBB,BNAGBEBB,Nagelmackers
__import__.bank_BNPAFRPPLPD,BNPAFRPPLPD,BNP PARIBAS SA
__import__.bank_BNPAFRPPMAS,BNPAFRPPMAS,BNP
__import__.bank_BNPAFRPPPAU,BNPAFRPPPAU,BNP PARIBAS SA
__import__.bank_BNPAFRPPSTR,BNPAFRPPSTR,BNP Paribas Strasbourg
__import__.bank_BNPAFRPPVCS,BNPAFRPPVCS,BNP PARIBAS
__import__.bank_BNPAFRPPVLE,BNPAFRPPVLE,BNP Reze Pont Rousseau
__import__.bank_BNPAFRPPVLE,BNPAFRPPVLE,BNP-PARIBAS SA
__import__.bank_BNPAFRPPVRS,BNPAFRPPVRS,BNP Paribas
__import__.bank_BNPAGB22,BNPAGB22,BNP PARIBAS
__import__.bank_BNPANL2A,BNPANL2A,BNB BANK AMSTERDAM
__import__.bank_BNPANL2A,BNPANL2A,BNP
__import__.bank_BNPANL2A,BNPANL2A,BNP PARIBAS
__import__.bank_BOFABE3X,BOFABE3X,Bank of America
__import__.bank_BOFABE3X,BOFABE3X,"Bank of America, National Associati"
__import__.bank_BOFIIE2D,BOFIIE2D,BANK OF IRELAND
__import__.bank_BOFSGB21260,BOFSGB21260,Bank of Scotland
__import__.bank_BOTKNL2X,BOTKNL2X,BANK OF TOKYO - MITSUBISHI
__import__.bank_BOUSFRPP,BOUSFRPP,Boursorama Banque
__import__.bank_BPOTBEB1,BPOTBEB1,Banque de la Poste
__import__.bank_BREXPLPWMUL,BREXPLPWMUL,Multibank
__import__.bank_BSABESBB,BSABESBB,Banc de Sabadell
__import__.bank_BSPFFRPP,BSPFFRPP,LCL Banque Palatine
__import__.bank_BYLADEM1COB,BYLADEM1COB,SPARKASSE COBURG
__import__.bank_BYLADEM1EGF,BYLADEM1EGF,Sparkasse Rottal
__import__.bank_BYLADEM1NEA,BYLADEM1NEA,Sparkasse Neustadt a.d. Aisch
__import__.bank_CAIXESBBXXX,CAIXESBBXXX,LA CAIXA
__import__.bank_CCBPFRPPBDX,CCBPFRPPBDX,Banque pop centre Atlantique
__import__.bank_CCBPFRPPGRE,CCBPFRPPGRE,Banque populaire
__import__.bank_CCBPFRPPGRE,CCBPFRPPGRE,Banque Populaire Auvergne
__import__.bank_CCBPFRPPMAR,CCBPFRPPMAR,Banque populaire méditerranée
__import__.bank_CCBPFRPPMTG,CCBPFRPPMTG,Banque Populaire
__import__.bank_CCBPFRPPMTG,CCBPFRPPMTG,Banque Populaire Rives de Paris
__import__.bank_CCBPFRPPMTG,CCBPFRPPMTG,BANQUE POPULAIRE RIVE DE PARIS
__import__.bank_CCBPFRPPMTZ,CCBPFRPPMTZ,Banque Populaire Alsace Lorraine
__import__.bank_CCBPFRPPNAN,CCBPFRPPNAN,BANQUE POPULAIRE ATLANTIQUE
__import__.bank_CCBPFRPPNAN,CCBPFRPPNAN,BPA Cholet GAMBETTA
__import__.bank_CCBPFRPPPPG,CCBPFRPPPPG,Banque Populaire du Sud
__import__.bank_CCBPFRPPREN,CCBPFRPPREN,Banque Populaire de l'Ouest Le Mans
__import__.bank_CCBPFRPPVER,CCBPFRPPVER,BANQUE POPULAIRE VAL DE FRANCE
__import__.bank_CCFRFRPP,CCFRFRPP,HSBC BAGNOLET
__import__.bank_CCPLLULL,CCPLLULL,POST Group
__import__.bank_CECRIT2C,CECRIT2C,CASSA DI RISPARMIO DI CESENA
__import__.bank_CELLLULL,CELLLULL,ING LUXEMBOURG
__import__.bank_CEPAFRPP450,CEPAFRPP450,Caisse d'Epargne Loire Centre
__import__.bank_CHASBEBX,CHASBEBX,JP Morgan Chase Bank
__import__.bank_CITIBEBX,CITIBEBX,Citibank International PLC
__import__.bank_CITIBEBX,CITIBEBX,CITIBANK
__import__.bank_CITIBEBXXXX,CITIBEBXXXX,CITIBANK
__import__.bank_CITIGB2L,CITIGB2L,CITIBANK
__import__.bank_CMBRFR2BCME,CMBRFR2BCME,Credit mutuel Arkea
__import__.bank_CMBRFR2BCME,CMBRFR2BCME,Credit Mutuel Arkea
__import__.bank_CMBRFR2BXXX,CMBRFR2BXXX,Crédit Mutuel de Bretagne
__import__.bank_CMCIFRPP,CMCIFRPP,CC LYONNAISE DE BANQUE
__import__.bank_CMCIFRPP,CMCIFRPP,CIC Banque
__import__.bank_CMCIFRPP,CMCIFRPP,CIC HAUTE-SAVOIE ENTREPRISES
__import__.bank_CMCIFRPP,CMCIFRPP,CIC Nord Ouest
__import__.bank_CMCIFRPP,CMCIFRPP,CIC NANTES
__import__.bank_CMCIFRPP,CMCIFRPP,CIC OUEST
__import__.bank_CMCIFRPP,CMCIFRPP,CIC Sud Ouest
__import__.bank_CMCIFRPP,CMCIFRPP,CIC VILLEURBANNE BROTTEAUX
__import__.bank_CMCIFRPP,CMCIFRPP,CM CIC BANQUE
__import__.bank_CMCIFR2A,CMCIFR2A,Crédit Mutuel
__import__.bank_CMCIFR2A,CMCIFR2A,Credit mutuel Chateaurenard
__import__.bank_CMCIFR2A,CMCIFR2A,CMPS DU VAR
__import__.bank_CMCIFR2A,CMCIFR2A,CREDIT MUTUEL
__import__.bank_COBABEBX,COBABEBX,Comerzbank AG
__import__.bank_COBABEBX,COBABEBX,Commerzbank
__import__.bank_COBADEFF,COBADEFF,Commerzbank
__import__.bank_COBADEFF210,COBADEFF210,Commerzbank Kiel
__import__.bank_COBADEFF356,COBADEFF356,Commerzbank
__import__.bank_COBADEFF520,COBADEFF520,Commerzbank
__import__.bank_COBAFRPX,COBAFRPX,COMMERZBANK A.G.
__import__.bank_COLSDE33,COLSDE33,Sparkasse Koeln
__import__.bank_CPHBBE75,CPHBBE75,Banque CPH
__import__.bank_CREGBEBB,CREGBEBB,CBC
__import__.bank_CREGBEBB,CREGBEBB,CBC Banque
__import__.bank_CREGBEBB,CREGBEBB,CBC Banque et Assurances
__import__.bank_CRLYFRPP,CRLYFRPP,Credit Lyonnais
__import__.bank_CRLYFRPP,CRLYFRPP,CAE GRAND LYON ENTREPRENEURS
__import__.bank_CRLYFRPP,CRLYFRPP,CREDIT LYONNAIS
__import__.bank_CTBKBEBX,CTBKBEBX,Citibank Belgium
__import__.bank_DEUTBEBE,DEUTBEBE,deutche bank
__import__.bank_DEUTBEBE,DEUTBEBE,Deutche Bank
__import__.bank_DEUTBEBE,DEUTBEBE,Deutsche Bank
__import__.bank_DEUTBEBE,DEUTBEBE,Deutsche Bank AG
__import__.bank_DEUTBEBE,DEUTBEBE,DEUTSCHE BANK
__import__.bank_DEUTDEDB653,DEUTDEDB653,DEUTCHE BANK TUTTLINGEN
__import__.bank_DEUTDEDB760,DEUTDEDB760,Deutsche Bank
__import__.bank_DEUTDEDW342,DEUTDEDW342,Deutsche Bank
__import__.bank_DEUTDEFFXXX,DEUTDEFFXXX,Deutsche Bank
__import__.bank_DEUTDEFF505,DEUTDEFF505,DEUTSCHE BANK
__import__.bank_DEUTDESS603,DEUTDESS603,DEUTSCHE BANK AG TUTTLINGEN
__import__.bank_DEUTDESS653,DEUTDESS653,Deutche bank Tuttlingen
__import__.bank_DEUTDESS653,DEUTDESS653,DEUTSCHE BANK TUTTLINGEN
__import__.bank_DEUTFRPP,DEUTFRPP,Deutche bank AG
__import__.bank_DEUTNL2AXXX,DEUTNL2AXXX,DEUTSCHE BANK
__import__.bank_DORTDE33,DORTDE33,Sparkasse Dortmund
__import__.bank_DRESDEFF265,DRESDEFF265,COMMERZBANK
__import__.bank_DRESDEFF508,DRESDEFF508,Commerzbank AG
__import__.bank_DRESDEFF510,DRESDEFF510,Dresdner Bank Wiesbaden
__import__.bank_DRESDEFF643,DRESDEFF643,Kreissparkasse Tuttlingen
__import__.bank_DRESDEFF692,DRESDEFF692,Commerzbank SINGEN
__import__.bank_FACFFRPPXXX,FACFFRPPXXX,GE FACTOFRANCE
__import__.bank_FIOBCZPPXXX,FIOBCZPPXXX,FIO BANKA a.s.
__import__.bank_GEBABEBB,GEBABEBB,BNP
__import__.bank_GEBABEBB,GEBABEBB,BNP FORTIS
__import__.bank_GEBABEBB,GEBABEBB,BNP Paribas fortis
__import__.bank_GEBABEBB,GEBABEBB,BNP Paribas Fortis
__import__.bank_GEBABEBB,GEBABEBB,BNP PARIBAS
__import__.bank_GEBABEBB,GEBABEBB,BNP PARIBAS BELGIUM
__import__.bank_GEBABEBB,GEBABEBB,BNP PARIBAS FORTIS
__import__.bank_GEBABEBB,GEBABEBB,BNP PARIBAS FORTIS BANQUE
__import__.bank_GEBABEBB,GEBABEBB,BNPP
__import__.bank_GEBABEBB,GEBABEBB,Fortis Banque
__import__.bank_GEBABEBB,GEBABEBB,Fortis Banque S.A.
__import__.bank_GEBABEBB,GEBABEBB,FINTRO
__import__.bank_GENODEF1TAV,GENODEF1TAV,VR-Bank Taufkirchen-Dorfen eG
__import__.bank_GENODEM1DST,GENODEM1DST,Volksbank Dorsten eG
__import__.bank_GENODE51DRE,GENODE51DRE,VOLKSBANK DREIEICH
__import__.bank_GENODE51MIC,GENODE51MIC,Volksbank Odenwald e.G
__import__.bank_GIBASKBX,GIBASKBX,Slovenska sporitelna
__import__.bank_GKCCBEBB,GKCCBEBB,belfius
__import__.bank_GKCCBEBB,GKCCBEBB,Belfius
__import__.bank_GKCCBEBB,GKCCBEBB,Belfius Bank Brussels
__import__.bank_GKCCBEBB,GKCCBEBB,Belfius Banque
__import__.bank_GKCCBEBB,GKCCBEBB,Belfius Banque et Assurances
__import__.bank_GKCCBEBB,GKCCBEBB,BELFIUS
__import__.bank_GKCCBEBB,GKCCBEBB,Dexia Banque Belgique
__import__.bank_GOPSDE6GXXX,GOPSDE6GXXX,KSK GÖPPINGEN
__import__.bank_HBKABE22,HBKABE22,Record Bank
__import__.bank_HBKABE22,HBKABE22,Recordbank
__import__.bank_HBUKGB4144A,HBUKGB4144A,HSBC BANK
__import__.bank_HSBCBEBB,HSBCBEBB,HSBC Bank
__import__.bank_HSBCBEBB,HSBCBEBB,HSBC BANK PLC
__import__.bank_HSBCNL2A,HSBCNL2A,HSBC BANK
__import__.bank_HYVEDEMM,HYVEDEMM,UNICREDIT BANK AG
__import__.bank_HYVEDEMMXXX,HYVEDEMMXXX,HypoVereinsbank
__import__.bank_INGBNL2A,INGBNL2A,ING
__import__.bank_INGBNL2A,INGBNL2A,ING Bank
__import__.bank_INGBNL2A,INGBNL2A,ING Bank B.V.
__import__.bank_INGBNL2A,INGBNL2A,ING BANK
__import__.bank_INGBNL2A,INGBNL2A,ING BANK NV
__import__.bank_JVBABE22,JVBABE22,Bank J. Van Breda & C°
__import__.bank_JVBABE22,JVBABE22,J VAN BREDA & C°
__import__.bank_KREDBEBB,KREDBEBB,cbc Banque
__import__.bank_KREDBEBB,KREDBEBB,KBC
__import__.bank_KREDBEBB,KREDBEBB,KBC Bank
__import__.bank_KREDBEBB,KREDBEBB,KBC Banque
__import__.bank_KREDBEBB,KREDBEBB,KBC BANK
__import__.bank_KREDBEBB,KREDBEBB,KCB
__import__.bank_LOYDGB21021,LOYDGB21021,LLOYDS BANK PLC
__import__.bank_LOYDGB21603,LOYDGB21603,LLOYDS TSB
__import__.bank_MIDLGB2116U,MIDLGB2116U,HSBC BANK PLC
__import__.bank_MIDLGB2144N,MIDLGB2144N,HSBC BANK
__import__.bank_MIDLGB22,MIDLGB22,HSBC Bank Plc
__import__.bank_MKKBHUHB,MKKBHUHB,MKB BANK
__import__.bank_NDEADKKK,NDEADKKK,NORDEA DK
__import__.bank_NDEASESS,NDEASESS,Nordea Bank Sverige AB
__import__.bank_NICABEBB,NICABEBB,Crédit Agricole
__import__.bank_NICABEBB,NICABEBB,Crédit Agricole S.A.- Groupe Crédit
__import__.bank_NICABEBB,NICABEBB,CRELAN
__import__.bank_NOLADE21ROS,NOLADE21ROS,OSTSEESPARKASSE ROSTOCK
__import__.bank_NOLADE21SHO,NOLADE21SHO,SPARKASSE SÜDHOLSTEIN
__import__.bank_NORDFRPP,NORDFRPP,Crédit du Nord
__import__.bank_NORDFRPP,NORDFRPP,Credit du Nord
__import__.bank_NORDFRPP,NORDFRPP,CREDIT DU NORD
__import__.bank_NWBKGB2L,NWBKGB2L,National Westminster Bank
__import__.bank_NWBKGB2L,NWBKGB2L,NATWEST NEWBURY BANK
__import__.bank_OTPVHUHB,OTPVHUHB,OTP BANK PLC.
__import__.bank_PASCITM1R11,PASCITM1R11,Banca Monte dei Paschi di Siena
__import__.bank_PASCITM1083,PASCITM1083,MONTE DEI PASCHI DI SIENA
__import__.bank_PBNKDEFF,PBNKDEFF,Deutsche Postbank AG
__import__.bank_PBNKDEFF,PBNKDEFF,DEUTCHE POSTBANK
__import__.bank_PBNKDEFF,PBNKDEFF,Postbank
__import__.bank_PBNKDEFF,PBNKDEFF,Postbank Karlsruhe
__import__.bank_PBNKDEFF,PBNKDEFF,POSTBANK FRANKFURT
__import__.bank_PCHQBEBB,PCHQBEBB,La Poste
__import__.bank_PSSTFRPPPAR,PSSTFRPPPAR,La Banque Postale
__import__.bank_PSSTFRPPROU,PSSTFRPPROU,CCP
__import__.bank_RABONL2U,RABONL2U,Rabo bank
__import__.bank_RABONL2U,RABONL2U,Rabo Bank
__import__.bank_RABONL2U,RABONL2U,Rabobank
__import__.bank_RABONL2U,RABONL2U,RABOBANK
__import__.bank_RABONL2U,RABONL2U,RABOBANK NEDERLAND
__import__.bank_RABONL2U,RABONL2U,RABOBANK NOORD DRENTHE
__import__.bank_RAIFCH22,RAIFCH22,RAIFFEISEN
__import__.bank_RBOSGB2L,RBOSGB2L,Royal Bank of Scotland plc
__import__.bank_RBOSGB2L,RBOSGB2L,The Royal Bank of Scotland
__import__.bank_RBOSGB2L,RBOSGB2L,THE ROYAL BANK OF SCOTLAND
__import__.bank_RVVGAT2B429,RVVGAT2B429,RAIFFEISENBANK GOETZIS
__import__.bank_RZBHHR2X,RZBHHR2X,RAIFFEISEN BANKA AUSTRIA d.d ZAGREB
__import__.bank_SARCIT2S,SARCIT2S,BANCA CR DI SAVIGLIANO SPA
__import__.bank_SGABBEB2,SGABBEB2,societe générale
__import__.bank_SOGEFRPP,SOGEFRPP,SG PARIS BERCY
__import__.bank_SOGEFRPP,SOGEFRPP,SOCIETE GENERALE
__import__.bank_SOLADES1LBG,SOLADES1LBG,Kreissparkasse Ludwigsburg
__import__.bank_SOLADES1TUT,SOLADES1TUT,Kreissparkasse Tuttlingen
__import__.bank_SOLADES1WBN,SOLADES1WBN,Kreissparkasse WAIBLINGEN
__import__.bank_SOLSDE33,SOLSDE33,Stadtsparkasse Sollingen
__import__.bank_SPAABE22,SPAABE22,CENTEA
__import__.bank_SPKHDE2HXXX,SPKHDE2HXXX,SPARKASSE HANNOVER
__import__.bank_SPNGAT21XXX,SPNGAT21XXX,Sparkasse Neunkirchen
__import__.bank_SWEDSESS,SWEDSESS,SWEDBANK
__import__.bank_UBSWCHZH30A,UBSWCHZH30A,UBS AG
__import__.bank_UNCRITB1Q45,UNCRITB1Q45,UNICREDIT BANCA SPA
__import__.bank_UNCRITMM,UNCRITMM,UNICREDIT BANCA SPA - LANGHIRANO
__import__.bank_UNCRITM1PN9,UNCRITM1PN9,UNICREDIT SPA
__import__.bank_VEBHIT2M,VEBHIT2M,VENETO BANCA HOLDING
__import__.bank_VOHADE2HXXX,VOHADE2HXXX,HANNOVERSCHE VOLKSBANK
__import__.bank_VOLODE66XXX,VOLODE66XXX,Volksbank Dreiländereck eG
__import__.bank_11111111,11111111,CENTEA
