id,name/id,sequence,price,product_tmpl_id/id,min_qty_sale,product_code
__import__.supplierinfo_60422-3748753,__import__.supplier_60422,100,44.58,__import__.product_3748753_product_template,1,034615
__import__.supplierinfo_61920-519084,__import__.supplier_61920,100,9.89,__import__.product_519084_product_template,1,H084
__import__.supplierinfo_61920-5192080,__import__.supplier_61920,100,46.79,__import__.product_5192080_product_template,1,H080
__import__.supplierinfo_61920-5192081,__import__.supplier_61920,100,5.57,__import__.product_5192081_product_template,1,H081
__import__.supplierinfo_61920-5192084,__import__.supplier_61920,100,9.89,__import__.product_5192084_product_template,1,H084
__import__.supplierinfo_61920-5192085,__import__.supplier_61920,100,11.54,__import__.product_5192085_product_template,1,H085
__import__.supplierinfo_61920-5192089,__import__.supplier_61920,100,22.49,__import__.product_5192089_product_template,1,H089
__import__.supplierinfo_62779-4667123,__import__.supplier_62779,100,4.25,__import__.product_4667123_product_template,1,4667123
__import__.supplierinfo_62805-5505007,__import__.supplier_62805,100,52.15,__import__.product_5505007_product_template,1,2IN012001
__import__.supplierinfo_63984-6859947,__import__.supplier_63984,100,66.50,__import__.product_6859947_product_template,1,
__import__.supplierinfo_65000-5508061,__import__.supplier_65000,100,174.30,__import__.product_5508061_product_template,1,8061
__import__.supplierinfo_65000-5509072,__import__.supplier_65000,100,0,__import__.product_5509072_product_template,1,
__import__.supplierinfo_65000-5509181,__import__.supplier_65000,100,181.30,__import__.product_5509181_product_template,1,9181
__import__.supplierinfo_66008-3718962,__import__.supplier_66008,100,9.72,__import__.product_3718962_product_template,1,
__import__.supplierinfo_66008-3718970,__import__.supplier_66008,100,10.65,__import__.product_3718970_product_template,1,
__import__.supplierinfo_66008-3718988,__import__.supplier_66008,100,10.42,__import__.product_3718988_product_template,1,
__import__.supplierinfo_66008-3718996,__import__.supplier_66008,100,9.35,__import__.product_3718996_product_template,1,
__import__.supplierinfo_66008-3733953,__import__.supplier_66008,100,10.61,__import__.product_3733953_product_template,1,
__import__.supplierinfo_66008-3733961,__import__.supplier_66008,100,10.22,__import__.product_3733961_product_template,1,
__import__.supplierinfo_66008-5473304,__import__.supplier_66008,100,122.94,__import__.product_5473304_product_template,1,VCP304H
__import__.supplierinfo_66906-5690606,__import__.supplier_66906,100,34.90,__import__.product_5690606_product_template,1,
__import__.supplierinfo_66906-5690607,__import__.supplier_66906,100,64.90,__import__.product_5690607_product_template,1,
__import__.supplierinfo_69124-5453068,__import__.supplier_69124,100,4000.00,__import__.product_5453068_product_template,1,AGVE-68HQ
__import__.supplierinfo_70312-5800038,__import__.supplier_70312,100,18.99,__import__.product_5800038_product_template,1,98-09459-01
__import__.supplierinfo_73626-5047301,__import__.supplier_73626,100,42.49,__import__.product_5047301_product_template,1,356694
__import__.supplierinfo_74140-1405069,__import__.supplier_74140,100,5.36,__import__.product_1405069_product_template,1,8380462 / 92315069
__import__.supplierinfo_74154-5052291,__import__.supplier_74154,100,79.20,__import__.product_5052291_product_template,1,36 1702 544
__import__.supplierinfo_74290-5032405,__import__.supplier_74290,100,58.60,__import__.product_5032405_product_template,1,
__import__.supplierinfo_77666-1414394,__import__.supplier_77666,100,0,__import__.product_1414394_product_template,1,
__import__.supplierinfo_77666-2661544,__import__.supplier_77666,100,0,__import__.product_2661544_product_template,1,
__import__.supplierinfo_77666-3584919,__import__.supplier_77666,100,0,__import__.product_3584919_product_template,1,
__import__.supplierinfo_77690-5512020,__import__.supplier_77690,100,12.72,__import__.product_5512020_product_template,1,
__import__.supplierinfo_79000-1019370,__import__.supplier_79000,100,0.93,__import__.product_1019370_product_template,1,400BAMSAC S/M
__import__.supplierinfo_79000-1039880,__import__.supplier_79000,100,35.33,__import__.product_1039880_product_template,1,
__import__.supplierinfo_79000-1039890,__import__.supplier_79000,100,30.36,__import__.product_1039890_product_template,1,
__import__.supplierinfo_79000-1039900,__import__.supplier_79000,100,24.70,__import__.product_1039900_product_template,1,
__import__.supplierinfo_79000-1071490,__import__.supplier_79000,100,7.80,__import__.product_1071490_product_template,1,1071490
__import__.supplierinfo_79000-8024164,__import__.supplier_79000,100,35.19,__import__.product_8024164_product_template,1,19839
__import__.supplierinfo_79000-8180289,__import__.supplier_79000,100,6.74,__import__.product_8180289_product_template,1,8180289
__import__.supplierinfo_79000-8245882,__import__.supplier_79000,100,21.69,__import__.product_8245882_product_template,1,019449
__import__.supplierinfo_79000-8269894,__import__.supplier_79000,100,21.69,__import__.product_8269894_product_template,1,019447
__import__.supplierinfo_79001-1823960,__import__.supplier_79001,100,7.61,__import__.product_1823960_product_template,1,
__import__.supplierinfo_79001-7595114,__import__.supplier_79001,100,10.96,__import__.product_7595114_product_template,1,
__import__.supplierinfo_79200-5016540,__import__.supplier_79200,100,22.03,__import__.product_5016540_product_template,1,16351540
__import__.supplierinfo_79200-5021726,__import__.supplier_79200,100,22.08,__import__.product_5021726_product_template,1,16200126
__import__.supplierinfo_79200-5022028,__import__.supplier_79200,100,22.03,__import__.product_5022028_product_template,1,16301436
__import__.supplierinfo_79245-5924502,__import__.supplier_79245,100,34.46,__import__.product_5924502_product_template,1,66974939
__import__.supplierinfo_82540-8181321,__import__.supplier_82540,100,98.91,__import__.product_8181321_product_template,1,PERCHOIR CHAT
__import__.supplierinfo_82540-8181322,__import__.supplier_82540,100,2576.83,__import__.product_8181322_product_template,1,SUR MESURE
__import__.supplierinfo_82595-2417483,__import__.supplier_82595,100,5.35,__import__.product_2417483_product_template,1,460083
__import__.supplierinfo_82595-3038213,__import__.supplier_82595,100,14.23,__import__.product_3038213_product_template,1,460122
__import__.supplierinfo_82660-5266005,__import__.supplier_82660,100,63.70,__import__.product_5266005_product_template,1,
__import__.supplierinfo_83322-5232398,__import__.supplier_83322,100,11.65,__import__.product_5232398_product_template,1,32398
__import__.supplierinfo_83322-5232399,__import__.supplier_83322,100,11.65,__import__.product_5232399_product_template,1,32399
__import__.supplierinfo_83322-5323190,__import__.supplier_83322,100,24.50,__import__.product_5323190_product_template,1,3210455
__import__.supplierinfo_83322-5324580,__import__.supplier_83322,100,25.10,__import__.product_5324580_product_template,1,324580
__import__.supplierinfo_83322-8024655,__import__.supplier_83322,100,0.60,__import__.product_8024655_product_template,1,321146
