"id","bin_checksum_1"
"__import__.location_loc_AA01A1","61"
"__import__.location_loc_AA01A2","62"
"__import__.location_loc_AA01A3","84"
"__import__.location_loc_AA01A4","82"
"__import__.location_loc_AA01B1","95"
"__import__.location_loc_AA01B2","31"
"__import__.location_loc_AA01B3","01"
"__import__.location_loc_AA01B4","34"
"__import__.location_loc_AA02A1","65"
"__export__.stock_location_13471","38"
"__import__.location_loc_AA02A3","42"
"__import__.location_loc_AA02A4","04"
"__import__.location_loc_AA02B1","09"
"__import__.location_loc_AA02B2","18"
"__import__.location_loc_AA02B3","19"
"__import__.location_loc_AA02B4","37"
"__import__.location_loc_AA03A1","24"
"__import__.location_loc_AA03A2","39"
"__import__.location_loc_AA03A3","75"
"__import__.location_loc_AA03A4","13"
"__import__.location_loc_AA03B1","86"
"__import__.location_loc_AA03B2","30"
"__import__.location_loc_AA03B3","70"
"__import__.location_loc_AA03B4","60"
"__import__.location_loc_AA04A1","25"
"__import__.location_loc_AA04A2","03"
"__import__.location_loc_AA04A3","37"
"__import__.location_loc_AA04A4","30"
"__import__.location_loc_AA04B1","67"
"__import__.location_loc_AA04B2","95"
"__import__.location_loc_AA04B3","44"
"__export__.stock_location_13479","86"
"__import__.location_loc_AA05B1","54"
"__export__.stock_location_13317","10"
"__import__.location_loc_AA06A1","09"
"__import__.location_loc_AA06A2","92"
"__import__.location_loc_AA06A3","11"
"__import__.location_loc_AA06A4","83"
"__import__.location_loc_AA06B1","03"
"__import__.location_loc_AA06B2","17"
"__import__.location_loc_AA06B3","82"
"__import__.location_loc_AA06B4","49"
"__import__.location_loc_AA07A1","58"
"__import__.location_loc_AA07A2","14"
"__import__.location_loc_AA07A3","63"
"__import__.location_loc_AA07A4","19"
"__import__.location_loc_AA07B1","29"
"__import__.location_loc_AA07B2","85"
"__import__.location_loc_AA07B3","03"
"__import__.location_loc_AA07B4","41"
"__import__.location_loc_AA08A1","02"
"__import__.location_loc_AA08A2","07"
"__import__.location_loc_AA08A3","25"
"__import__.location_loc_AA08A4","50"
"__import__.location_loc_AA08B1","78"
"__import__.location_loc_AA08B2","42"
"__import__.location_loc_AA08B3","55"
"__import__.location_loc_AA08B4","04"
"__import__.location_loc_AA09A1","89"
"__import__.location_loc_AA09A2","56"
"__import__.location_loc_AA09A3","49"
"__import__.location_loc_AA09B1","96"
"__import__.location_loc_AA09B2","58"
"__import__.location_loc_AA09B3","86"
"__import__.location_loc_AA10A1","70"
"__import__.location_loc_AA10A2","63"
"__import__.location_loc_AA10A3","44"
"__import__.location_loc_AA10A4","69"
"__import__.location_loc_AA10B1","22"
"__import__.location_loc_AA10B2","90"
"__import__.location_loc_AA10B3","10"
"__import__.location_loc_AA10B4","68"
"__import__.location_loc_AA11A1","11"
"__import__.location_loc_AA13A1","32"
"__import__.location_loc_AA13A2","16"
"__import__.location_loc_AA13A3","95"
"__import__.location_loc_AA13A4","64"
"__import__.location_loc_AA14A1","07"
"__import__.location_loc_AA14A2","46"
"__import__.location_loc_AA14A3","54"
"__import__.location_loc_AA14A4","78"
"__import__.location_loc_AA14B1","47"
"__import__.location_loc_AA14B2","24"
"__import__.location_loc_AA14B3","29"
"__import__.location_loc_AA14B4","70"
"__import__.location_loc_AA15A1","05"
"__import__.location_loc_AA15A2","67"
"__import__.location_loc_AA15A3","02"
"__import__.location_loc_AA15A4","76"
"__import__.location_loc_AA15B1","79"
"__import__.location_loc_AA15B2","21"
"__import__.location_loc_AA15B3","43"
"__import__.location_loc_AA15B4","98"
"__setup__.stock_location_aligap_AA16A1","23"
"__setup__.stock_location_aligap_AA16A2","97"
"__setup__.stock_location_aligap_AA16A3","55"
"__setup__.stock_location_aligap_AA16A4","79"
"__setup__.stock_location_aligap_AA16B1","76"
"__setup__.stock_location_aligap_AA16B2","36"
"__setup__.stock_location_aligap_AA16B3","22"
"__setup__.stock_location_aligap_AA16B4","81"
"__import__.location_loc_AA17A1","53"
"__import__.location_loc_AA17A2","04"
"__import__.location_loc_AA17A3","61"
"__import__.location_loc_AA17A4","52"
"__import__.location_loc_AA17B1","72"
"__import__.location_loc_AA17B2","07"
"__import__.location_loc_AA17B3","02"
"__import__.location_loc_AA17B4","28"
"__import__.location_loc_AA18A1","16"
"__import__.location_loc_AA18A2","15"
"__import__.location_loc_AA18A3","68"
"__import__.location_loc_AA18A4","90"
"__import__.location_loc_AA19A1","08"
"__import__.location_loc_AA19A2","06"
"__import__.location_loc_AA19A3","10"
"__import__.location_loc_AA19A4","15"
"__import__.location_loc_AA19B1","56"
"__import__.location_loc_AA19B2","52"
"__import__.location_loc_AA19B3","59"
"__import__.location_loc_AA19B4","88"
"__import__.location_loc_AA19B5","41"
"__import__.location_loc_AA19B6","58"
"__setup__.stock_location_aligap_AA20A1","74"
"__setup__.stock_location_aligap_AA20A2","08"
"__setup__.stock_location_aligap_AA20A3","79"
"__setup__.stock_location_aligap_AA20A4","92"
"__setup__.stock_location_aligap_AA20B1","01"
"__setup__.stock_location_aligap_AA20B2","65"
"__setup__.stock_location_aligap_AA20B3","66"
"__setup__.stock_location_aligap_AA20B4","11"
"__import__.location_loc_AA21A1","51"
"__import__.location_loc_AA21A2","64"
"__import__.location_loc_AA21A3","72"
"__import__.location_loc_AA21A4","24"
"__import__.location_loc_AA21B1","04"
"__import__.location_loc_AA21B2","40"
"__import__.location_loc_AA21B3","21"
"__import__.location_loc_AA21B4","02"
"__import__.location_loc_AA21B5","29"
"__setup__.stock_location_aligap_AA22A1","88"
"__setup__.stock_location_aligap_AA22A2","70"
"__setup__.stock_location_aligap_AA22A3","16"
"__setup__.stock_location_aligap_AA22A4","27"
"__setup__.stock_location_aligap_AA22B1","05"
"__setup__.stock_location_aligap_AA22B2","89"
"__setup__.stock_location_aligap_AA22B3","93"
"__setup__.stock_location_aligap_AA22B4","25"
"__import__.location_loc_AB01A1","69"
"__import__.location_loc_AB01A2","15"
"__import__.location_loc_AB01A3","31"
"__import__.location_loc_AB01A4","29"
"__setup__.stock_location_aligap_AB02A1","11"
"__setup__.stock_location_aligap_AB02A2","54"
"__setup__.stock_location_aligap_AB02A3","45"
"__setup__.stock_location_aligap_AB02A4","85"
"__setup__.stock_location_aligap_AB02B1","92"
"__setup__.stock_location_aligap_AB02B2","46"
"__setup__.stock_location_aligap_AB02B3","25"
"__setup__.stock_location_aligap_AB02B4","75"
"__setup__.stock_location_aligap_AB03A1","62"
"__setup__.stock_location_aligap_AB03A2","46"
"__setup__.stock_location_aligap_AB03A3","40"
"__setup__.stock_location_aligap_AB03A4","16"
"__setup__.stock_location_aligap_AB03B1","49"
"__setup__.stock_location_aligap_AB03B2","51"
"__setup__.stock_location_aligap_AB03B3","42"
"__setup__.stock_location_aligap_AB03B4","07"
"__import__.location_loc_AB04A1","10"
"__import__.location_loc_AB04A2","73"
"__import__.location_loc_AB04A3","60"
"__import__.location_loc_AB04A4","14"
"__setup__.stock_location_aligap_AB05A1","89"
"__setup__.stock_location_aligap_AB05A2","25"
"__setup__.stock_location_aligap_AB05A3","53"
"__setup__.stock_location_aligap_AB05A4","64"
"__setup__.stock_location_aligap_AB05B1","62"
"__setup__.stock_location_aligap_AB05B2","36"
"__setup__.stock_location_aligap_AB05B3","65"
"__setup__.stock_location_aligap_AB05B4","68"
"__import__.location_loc_AB06A1","36"
"__import__.location_loc_AB06A2","29"
"__import__.location_loc_AB06A3","92"
"__import__.location_loc_AB06A4","11"
"__import__.location_loc_AB06B1","23"
"__import__.location_loc_AB06B2","04"
"__import__.location_loc_AB06B3","86"
"__import__.location_loc_AB06B4","20"
"__import__.location_loc_AB06B5","13"
"__import__.location_loc_AB07A1","07"
"__import__.location_loc_AB07A2","55"
"__import__.location_loc_AB07A3","73"
"__import__.location_loc_AB07A4","32"
"__import__.location_loc_AB07B1","31"
"__import__.location_loc_AB07B2","95"
"__import__.location_loc_AB07B3","98"
"__import__.location_loc_AB07B4","05"
"__import__.location_loc_AB08A1","15"
"__import__.location_loc_AB08A2","45"
"__import__.location_loc_AB08A4","48"
"__import__.location_loc_AB08B1","41"
"__import__.location_loc_AB08B2","96"
"__import__.location_loc_AB08B3","16"
"__import__.location_loc_AB08B4","85"
"__import__.location_loc_AB08B5","28"
"__import__.location_loc_AB09A1","67"
"__import__.location_loc_AB09A2","82"
"__import__.location_loc_AB09A3","96"
"__import__.location_loc_AB09A4","26"
"__import__.location_loc_AB09B1","93"
"__import__.location_loc_AB09B2","35"
"__import__.location_loc_AB09B3","23"
"__import__.location_loc_AB09B4","01"
"__import__.location_loc_AB10A1","64"
"__import__.location_loc_AB10A2","40"
"__import__.location_loc_AB10A3","26"
"__import__.location_loc_AB10A4","31"
"__import__.location_loc_AB10B1","24"
"__import__.location_loc_AB10B2","62"
"__import__.location_loc_AB10B3","08"
"__import__.location_loc_AB10B4","21"
"__import__.location_loc_AB13A1","02"
"__import__.location_loc_AB13A2","41"
"__import__.location_loc_AB13A3","94"
"__import__.location_loc_AB13A4","82"
"__import__.location_loc_AB13B1","98"
"__import__.location_loc_AB13B2","20"
"__import__.location_loc_AB13B3","74"
"__import__.location_loc_AB13B4","19"
"__import__.location_loc_AB14A1","20"
"__import__.location_loc_AB14A2","69"
"__import__.location_loc_AB14A3","36"
"__import__.location_loc_AB14A4","03"
"__import__.location_loc_AB14B1","44"
"__import__.location_loc_AB14B2","02"
"__import__.location_loc_AB14B3","88"
"__import__.location_loc_AB15A1","54"
"__import__.location_loc_AB15A2","66"
"__import__.location_loc_AB15A3","05"
"__import__.location_loc_AB15A4","39"
"__import__.location_loc_AB15B1","56"
"__import__.location_loc_AB15B2","10"
"__import__.location_loc_AB15B3","83"
"__import__.location_loc_AB15B4","29"
"__import__.location_loc_AB16A1","44"
"__import__.location_loc_AB16A2","35"
"__import__.location_loc_AB16A3","67"
"__import__.location_loc_AB16A4","08"
"__import__.location_loc_AB16B1","03"
"__import__.location_loc_AB16B2","89"
"__import__.location_loc_AB16B3","41"
"__import__.location_loc_AB16B4","38"
"__import__.location_loc_AB17A1","81"
"__import__.location_loc_AB17A2","23"
"__import__.location_loc_AB17A3","03"
"__import__.location_loc_AB17A4","78"
"__import__.location_loc_AB17B1","75"
"__import__.location_loc_AB17B2","84"
"__import__.location_loc_AB17B3","69"
"__export__.stock_location_13474","40"
"__import__.location_loc_AB18A1","17"
"__import__.location_loc_AB18A2","11"
"__import__.location_loc_AB18A3","87"
"__import__.location_loc_AB18A4","24"
"__import__.location_loc_AB18B1","45"
"__export__.stock_location_13434","94"
"__import__.location_loc_AB18B3","37"
"__export__.stock_location_13473","86"
"__import__.location_loc_AB19A1","58"
"__import__.location_loc_AB19A2","65"
"__import__.location_loc_AB19A3","41"
"__export__.stock_location_13436","09"
"__import__.location_loc_AB19B1","48"
"__import__.location_loc_AB19B2","88"
"__import__.location_loc_AB19B3","47"
"__export__.stock_location_13472","11"
"__import__.location_loc_AB20A1","25"
"__import__.location_loc_AB20A2","85"
"__import__.location_loc_AB20A3","99"
"__import__.location_loc_AB20A4","45"
"__import__.location_loc_AB20B1","65"
"__import__.location_loc_AB20B2","05"
"__import__.location_loc_AB20B3","04"
"__import__.location_loc_AB20B4","98"
"__import__.location_loc_AB21A1","01"
"__import__.location_loc_AB21A2","52"
"__import__.location_loc_AB21A3","24"
"__import__.location_loc_AB21A4","43"
"__import__.location_loc_AB21B1","81"
"__import__.location_loc_AB21B2","53"
"__import__.location_loc_AB21B3","60"
"__import__.location_loc_AB21B4","67"
"__import__.location_loc_AB22A1","42"
"__import__.location_loc_AB22A2","09"
"__import__.location_loc_AB22A3","02"
"__import__.location_loc_AB22A4","66"
"__import__.location_loc_AB22B1","87"
"__import__.location_loc_AB22B2","43"
"__import__.location_loc_AB22B3","50"
"__export__.stock_location_13505","84"
"__import__.location_loc_AC01A1","43"
"__import__.location_loc_AC01A2","78"
"__import__.location_loc_AC01A3","50"
"__import__.location_loc_AC01A4","09"
"__export__.stock_location_13475","39"
"__import__.location_loc_AC01B2","98"
"__export__.stock_location_13476","86"
"__import__.location_loc_AC01B4","01"
"__import__.location_loc_AC02A1","04"
"__import__.location_loc_AC02A2","32"
"__import__.location_loc_AC02A3","03"
"__import__.location_loc_AC02A4","45"
"__import__.location_loc_AC02B1","59"
"__import__.location_loc_AC02B2","48"
"__import__.location_loc_AC02B3","55"
"__export__.stock_location_13506","54"
"__import__.location_loc_AC03A1","13"
"__import__.location_loc_AC03A2","83"
"__import__.location_loc_AC03A3","42"
"__import__.location_loc_AC03A4","27"
"__import__.location_loc_AC03B1","18"
"__import__.location_loc_AC03B2","03"
"__import__.location_loc_AC03B3","36"
"__import__.location_loc_AC03B4","02"
"__import__.location_loc_AC04A1","02"
"__import__.location_loc_AC04A2","18"
"__import__.location_loc_AC04A3","81"
"__import__.location_loc_AC04B1","86"
"__import__.location_loc_AC04B2","43"
"__import__.location_loc_AC04B3","28"
"__import__.location_loc_AC05A1","49"
"__import__.location_loc_AC05A2","06"
"__import__.location_loc_AC05A3","23"
"__import__.location_loc_AC05A4","53"
"__import__.location_loc_AC05B1","66"
"__import__.location_loc_AC05B2","61"
"__import__.location_loc_AC05B3","37"
"__export__.stock_location_13480","41"
"__import__.location_loc_AC06A1","07"
"__import__.location_loc_AC06A2","44"
"__import__.location_loc_AC06A3","43"
"__import__.location_loc_AC06A4","93"
"__import__.location_loc_AC06B1","46"
"__import__.location_loc_AC06B2","23"
"__import__.location_loc_AC06B3","99"
"__import__.location_loc_AC06B4","42"
"__import__.location_loc_AC07A1","37"
"__import__.location_loc_AC07A2","79"
"__import__.location_loc_AC07A3","07"
"__import__.location_loc_AC07A4","14"
"__import__.location_loc_AC07B1","92"
"__import__.location_loc_AC07B2","68"
"__import__.location_loc_AC07B3","62"
"__export__.stock_location_13481","89"
"__import__.location_loc_AC08A1","25"
"__import__.location_loc_AC08A2","48"
"__import__.location_loc_AC08A3","40"
"__import__.location_loc_AC08A4","41"
"__import__.location_loc_AC08B1","69"
"__import__.location_loc_AC08B2","35"
"__import__.location_loc_AC08B3","75"
"__export__.stock_location_13478","05"
"__import__.location_loc_AC09A1","06"
"__import__.location_loc_AC09A2","35"
"__import__.location_loc_AC09A3","87"
"__import__.location_loc_AC09A4","02"
"__import__.location_loc_AC10A1","45"
"__import__.location_loc_AC10A2","03"
"__import__.location_loc_AC10A3","74"
"__import__.location_loc_AC10A4","49"
"__import__.location_loc_AC10B1","58"
"__import__.location_loc_AC10B2","83"
"__import__.location_loc_AC10B3","11"
"__import__.location_loc_AC10B4","15"
"__import__.location_loc_AC12A3","24"
"__import__.location_loc_AC12A4","05"
"__import__.location_loc_AC13A1","33"
"__import__.location_loc_AC13A2","86"
"__import__.location_loc_AC13A3","14"
"__import__.location_loc_AC13A4","83"
"__import__.location_loc_AC13B1","31"
"__import__.location_loc_AC13B2","40"
"__import__.location_loc_AC13B3","15"
"__import__.location_loc_AC13B4","03"
"__import__.location_loc_AC14A1","83"
"__import__.location_loc_AC14A2","34"
"__import__.location_loc_AC14A3","58"
"__import__.location_loc_AC14A4","95"
"__import__.location_loc_AC14B1","13"
"__import__.location_loc_AC14B2","67"
"__import__.location_loc_AC14B3","70"
"__import__.location_loc_AC14B4","32"
"__import__.location_loc_AC15A1","46"
"__import__.location_loc_AC15A2","49"
"__import__.location_loc_AC15A3","98"
"__import__.location_loc_AC15A4","04"
"__import__.location_loc_AC15B1","77"
"__import__.location_loc_AC15B2","37"
"__import__.location_loc_AC15B3","29"
"__import__.location_loc_AC15B4","53"
"__import__.location_loc_AC16A1","86"
"__import__.location_loc_AC16A2","56"
"__import__.location_loc_AC16A4","37"
"__import__.location_loc_AC16B1","04"
"__import__.location_loc_AC16B2","50"
"__import__.location_loc_AC16B3","02"
"__import__.location_loc_AC16B4","94"
"__import__.location_loc_AC17A1","01"
"__import__.location_loc_AC17A2","72"
"__import__.location_loc_AC17A3","55"
"__import__.location_loc_AC17A4","66"
"__import__.location_loc_AC17B1","41"
"__import__.location_loc_AC17B2","05"
"__import__.location_loc_AC17B3","42"
"__import__.location_loc_AC17B4","16"
"__import__.location_loc_AC17B5","32"
"__import__.location_loc_AC17B6","89"
"__import__.location_loc_AC18A1","70"
"__import__.location_loc_AC18A2","71"
"__import__.location_loc_AC18A3","04"
"__import__.location_loc_AC18A4","69"
"__import__.location_loc_AC18B1","03"
"__import__.location_loc_AC18B2","27"
"__import__.location_loc_AC18B3","54"
"__import__.location_loc_AC18B4","49"
"__setup__.stock_location_aligap_AC19A1","88"
"__setup__.stock_location_aligap_AC19A2","73"
"__setup__.stock_location_aligap_AC19A3","16"
"__setup__.stock_location_aligap_AC19A4","63"
"__setup__.stock_location_aligap_AC19B1","34"
"__setup__.stock_location_aligap_AC19B2","33"
"__setup__.stock_location_aligap_AC19B3","19"
"__setup__.stock_location_aligap_AC19B4","21"
"__import__.location_loc_AC20A1","61"
"__import__.location_loc_AC20A2","94"
"__import__.location_loc_AC20A3","31"
"__import__.location_loc_AC20B1","23"
"__import__.location_loc_AC20B2","89"
"__import__.location_loc_AC20B3","71"
"__import__.location_loc_AC20B4","40"
"__import__.location_loc_AC20B5","28"
"__setup__.stock_location_aligap_AC21A1","29"
"__setup__.stock_location_aligap_AC21A2","31"
"__setup__.stock_location_aligap_AC21A3","80"
"__setup__.stock_location_aligap_AC21A4","20"
"__setup__.stock_location_aligap_AC21B1","53"
"__setup__.stock_location_aligap_AC21B2","92"
"__setup__.stock_location_aligap_AC21B3","76"
"__setup__.stock_location_aligap_AC21B4","10"
"__setup__.stock_location_aligap_AC22A1","14"
"__setup__.stock_location_aligap_AC22A2","87"
"__setup__.stock_location_aligap_AC22A3","96"
"__setup__.stock_location_aligap_AC22A4","52"
"__setup__.stock_location_aligap_AC22B1","55"
"__setup__.stock_location_aligap_AC22B2","79"
"__setup__.stock_location_aligap_AC22B3","88"
"__setup__.stock_location_aligap_AC22B4","60"
"__setup__.stock_location_aligap_AD01A1","76"
"__setup__.stock_location_aligap_AD01A2","45"
"__setup__.stock_location_aligap_AD01A3","49"
"__setup__.stock_location_aligap_AD01A4","93"
"__setup__.stock_location_aligap_AD01B1","34"
"__setup__.stock_location_aligap_AD01B2","41"
"__setup__.stock_location_aligap_AD01B3","19"
"__setup__.stock_location_aligap_AD01B4","81"
"__import__.location_loc_AD02A1","08"
"__import__.location_loc_AD02A2","14"
"__import__.location_loc_AD02A3","47"
"__import__.location_loc_AD02A4","15"
"__import__.location_loc_AD03A1","07"
"__import__.location_loc_AD03A2","19"
"__import__.location_loc_AD03A3","62"
"__import__.location_loc_AD03A4","35"
"__setup__.stock_location_aligap_AD04A1","11"
"__setup__.stock_location_aligap_AD04A2","70"
"__setup__.stock_location_aligap_AD04A3","95"
"__setup__.stock_location_aligap_AD04A4","27"
"__setup__.stock_location_aligap_AD04B1","97"
"__setup__.stock_location_aligap_AD04B2","83"
"__setup__.stock_location_aligap_AD04B3","41"
"__setup__.stock_location_aligap_AD04B4","10"
"__setup__.stock_location_aligap_AD05A1","79"
"__setup__.stock_location_aligap_AD05A2","13"
"__setup__.stock_location_aligap_AD05A3","80"
"__setup__.stock_location_aligap_AD05A4","23"
"__setup__.stock_location_aligap_AD05B1","18"
"__setup__.stock_location_aligap_AD05B2","62"
"__setup__.stock_location_aligap_AD05B3","38"
"__setup__.stock_location_aligap_AD05B4","88"
"__import__.location_loc_AD06A1","55"
"__import__.location_loc_AD06A2","65"
"__import__.location_loc_AD06A3","42"
"__import__.location_loc_AD06A4","69"
"__import__.location_loc_AD06B1","52"
"__import__.location_loc_AD06B2","03"
"__import__.location_loc_AD06B3","88"
"__import__.location_loc_AD06B4","18"
"__import__.location_loc_AD06B5","08"
"__import__.location_loc_AD06B6","73"
"__import__.location_loc_AD07A1","05"
"__import__.location_loc_AD07A2","60"
"__import__.location_loc_AD07A3","91"
"__import__.location_loc_AD07A4","31"
"__import__.location_loc_AD07B1","33"
"__import__.location_loc_AD07B2","09"
"__import__.location_loc_AD07B3","81"
"__import__.location_loc_AD07B4","68"
"__import__.location_loc_AD07B5","39"
"__import__.location_loc_AD08A1","16"
"__import__.location_loc_AD08A2","47"
"__import__.location_loc_AD08A3","46"
"__import__.location_loc_AD08A4","37"
"__import__.location_loc_AD08B1","44"
"__import__.location_loc_AD08B2","25"
"__import__.location_loc_AD08B3","22"
"__import__.location_loc_AD08B4","50"
"__import__.location_loc_AD08B5","57"
"__import__.location_loc_AD09A1","28"
"__import__.location_loc_AD09A2","73"
"__import__.location_loc_AD09A3","08"
"__import__.location_loc_AD09A4","30"
"__import__.location_loc_AD09B1","01"
"__import__.location_loc_AD09B2","34"
"__import__.location_loc_AD09B3","44"
"__import__.location_loc_AD09B4","71"
"__import__.location_loc_AD09B5","11"
"__import__.location_loc_AD10A1","63"
"__import__.location_loc_AD10A2","48"
"__import__.location_loc_AD10A3","19"
"__import__.location_loc_AD10A4","14"
"__import__.location_loc_AD10B1","74"
"__import__.location_loc_AD10B2","40"
"__import__.location_loc_AD10B3","07"
"__import__.location_loc_AD10B4","08"
"__import__.location_loc_AD13A1","67"
"__import__.location_loc_AD13A2","40"
"__import__.location_loc_AD13A3","28"
"__import__.location_loc_AD13A4","48"
"__import__.location_loc_AD13B1","57"
"__import__.location_loc_AD13B2","17"
"__import__.location_loc_AD13B3","83"
"__import__.location_loc_AD14A1","10"
"__import__.location_loc_AD14A2","31"
"__import__.location_loc_AD14A3","68"
"__import__.location_loc_AD14A4","32"
"__import__.location_loc_AD14B1","20"
"__import__.location_loc_AD14B2","43"
"__import__.location_loc_AD14B3","11"
"__import__.location_loc_AD14B4","24"
"__import__.location_loc_AD15A1","02"
"__import__.location_loc_AD15A2","09"
"__import__.location_loc_AD15A3","14"
"__import__.location_loc_AD15A4","90"
"__import__.location_loc_AD15B1","50"
"__import__.location_loc_AD15B2","22"
"__import__.location_loc_AD15B3","49"
"__import__.location_loc_AD15B4","01"
"__import__.location_loc_AD15B5","59"
"__import__.location_loc_AD16A1","90"
"__import__.location_loc_AD16A2","17"
"__import__.location_loc_AD16A3","39"
"__import__.location_loc_AD16A4","18"
"__import__.location_loc_AD17A1","06"
"__import__.location_loc_AD17A2","26"
"__import__.location_loc_AD17A3","20"
"__import__.location_loc_AD17A4","45"
"__import__.location_loc_AD17B1","63"
"__import__.location_loc_AD17B2","57"
"__import__.location_loc_AD17B3","43"
"__import__.location_loc_AD17B4","70"
"__import__.location_loc_AD18A1","62"
"__import__.location_loc_AD18A2","67"
"__import__.location_loc_AD18A3","35"
"__import__.location_loc_AD18B1","22"
"__import__.location_loc_AD18B2","78"
"__import__.location_loc_AD18B3","52"
"__export__.stock_location_13443","17"
"__import__.location_loc_AD19A1","51"
"__import__.location_loc_AD19A2","83"
"__import__.location_loc_AD19A3","60"
"__import__.location_loc_AD19A4","03"
"__import__.location_loc_AD19B1","41"
"__import__.location_loc_AD19B2","47"
"__import__.location_loc_AD19B3","87"
"__import__.location_loc_AD19B4","02"
"__import__.location_loc_AD20A1","33"
"__import__.location_loc_AD20A2","05"
"__import__.location_loc_AD20A3","32"
"__import__.location_loc_AD20A4","42"
"__import__.location_loc_AD20B1","46"
"__import__.location_loc_AD20B2","50"
"__import__.location_loc_AD20B3","68"
"__import__.location_loc_AD20B4","14"
"__export__.stock_location_13482","59"
"__import__.location_loc_AD21A2","04"
"__import__.location_loc_AD21A3","64"
"__import__.location_loc_AD21A4","22"
"__export__.stock_location_13446","17"
"__export__.stock_location_13447","69"
"__export__.stock_location_13483","65"
"__import__.location_loc_AD21B4","31"
"__import__.location_loc_AD22A1","24"
"__import__.location_loc_AD22A2","50"
"__import__.location_loc_AD22A3","23"
"__import__.location_loc_AD22A4","51"
"__import__.location_loc_AD22B1","08"
"__import__.location_loc_AD22B2","71"
"__export__.stock_location_13441","94"
"__export__.stock_location_13477","39"
"__import__.location_loc_ADA130","62"
"__import__.location_loc_ADB140","87"
"__import__.location_loc_ADD110","14"
"__import__.location_loc_ADD130","58"
"__import__.location_loc_ADD140","21"
"__import__.location_loc_ADE140","17"
"__setup__.stock_location_aligap_AE19A1","39"
"__setup__.stock_location_aligap_AE19A2","05"
"__setup__.stock_location_aligap_AE19A3","70"
"__setup__.stock_location_aligap_AE19A4","58"
"__setup__.stock_location_aligap_AE19B1","82"
"__setup__.stock_location_aligap_AE19B2","38"
"__setup__.stock_location_aligap_AE19B3","06"
"__setup__.stock_location_aligap_AE19B4","43"
"__import__.location_loc_AE01A1","04"
"__import__.location_loc_AE01A2","54"
"__import__.location_loc_AE01A3","41"
"__import__.location_loc_AE01A4","25"
"__import__.location_loc_AE01B1","03"
"__export__.stock_location_13449","35"
"__export__.stock_location_13450","09"
"__export__.stock_location_13484","75"
"__import__.location_loc_AE02A1","98"
"__import__.location_loc_AE02A2","57"
"__import__.location_loc_AE02A3","85"
"__import__.location_loc_AE02A4","40"
"__export__.stock_location_13452","89"
"__export__.stock_location_13453","54"
"__export__.stock_location_13485","78"
"__import__.location_loc_AE02B4","30"
"__import__.location_loc_AE03A1","46"
"__import__.location_loc_AE03A2","45"
"__import__.location_loc_AE03A3","50"
"__import__.location_loc_AE03A4","99"
"__import__.location_loc_AE03B1","84"
"__import__.location_loc_AE03B2","97"
"__import__.location_loc_AE03B3","48"
"__import__.location_loc_AE04A1","65"
"__import__.location_loc_AE04A2","08"
"__import__.location_loc_AE04A3","25"
"__import__.location_loc_AE04A4","43"
"__import__.location_loc_AE04B1","42"
"__import__.location_loc_AE04B2","02"
"__import__.location_loc_AE04B3","98"
"__import__.location_loc_AE04B4","82"
"__import__.location_loc_AE05A1","71"
"__import__.location_loc_AE05A2","03"
"__import__.location_loc_AE05A3","69"
"__import__.location_loc_AE05A4","13"
"__import__.location_loc_AE05B1","02"
"__import__.location_loc_AE05B2","67"
"__import__.location_loc_AE05B3","44"
"__import__.location_loc_AE05B4","20"
"__import__.location_loc_AE06A1","11"
"__import__.location_loc_AE06A2","76"
"__import__.location_loc_AE06A3","01"
"__export__.stock_location_13486","87"
"__import__.location_loc_AE06B1","74"
"__import__.location_loc_AE06B2","34"
"__import__.location_loc_AE06B3","97"
"__export__.stock_location_13487","90"
"__import__.location_loc_AE07A1","94"
"__import__.location_loc_AE07A2","39"
"__import__.location_loc_AE07A3","43"
"__import__.location_loc_AE07A4","26"
"__import__.location_loc_AE07B1","80"
"__import__.location_loc_AE07B2","21"
"__import__.location_loc_AE07B3","45"
"__import__.location_loc_AE07B4","52"
"__import__.location_loc_AE08A1","07"
"__import__.location_loc_AE08A2","73"
"__import__.location_loc_AE08A3","79"
"__import__.location_loc_AE08A4","46"
"__import__.location_loc_AE08B1","13"
"__import__.location_loc_AE08B2","89"
"__import__.location_loc_AE08B3","70"
"__export__.stock_location_13488","45"
"__import__.location_loc_AE09A1","32"
"__import__.location_loc_AE09A2","22"
"__import__.location_loc_AE09A3","36"
"__import__.location_loc_AE09A4","15"
"__import__.location_loc_AE10A1","29"
"__import__.location_loc_AE10A2","78"
"__import__.location_loc_AE10A3","81"
"__import__.location_loc_AE10A4","54"
"__import__.location_loc_AE10B1","37"
"__import__.location_loc_AE10B2","10"
"__import__.location_loc_AE10B3","38"
"__import__.location_loc_AE10B4","66"
"__import__.location_loc_AE13A1","22"
"__import__.location_loc_AE13A2","53"
"__import__.location_loc_AE13A3","09"
"__import__.location_loc_AE13A4","89"
"__import__.location_loc_AE13B1","68"
"__import__.location_loc_AE13B2","76"
"__import__.location_loc_AE13B3","36"
"__import__.location_loc_AE13B4","60"
"__import__.location_loc_AE14A1","50"
"__import__.location_loc_AE14A2","04"
"__import__.location_loc_AE14A3","23"
"__import__.location_loc_AE14A4","85"
"__import__.location_loc_AE14B1","52"
"__import__.location_loc_AE14B2","33"
"__import__.location_loc_AE14B3","93"
"__import__.location_loc_AE14B4","22"
"__import__.location_loc_AE15A1","72"
"__import__.location_loc_AE15A2","13"
"__import__.location_loc_AE15A3","10"
"__import__.location_loc_AE15A4","38"
"__import__.location_loc_AE15B1","65"
"__import__.location_loc_AE15B2","20"
"__import__.location_loc_AE15B3","99"
"__import__.location_loc_AE15B4","94"
"__import__.location_loc_AE15B5","32"
"__import__.location_loc_AE15B6","39"
"__import__.location_loc_AE16A1","95"
"__import__.location_loc_AE16A2","80"
"__import__.location_loc_AE16A3","06"
"__import__.location_loc_AE16A4","68"
"__import__.location_loc_AE16B1","36"
"__import__.location_loc_AE16B2","31"
"__import__.location_loc_AE16B3","63"
"__import__.location_loc_AE16B4","04"
"__import__.location_loc_AE17A1","45"
"__import__.location_loc_AE17A2","34"
"__import__.location_loc_AE17A3","53"
"__import__.location_loc_AE17A4","09"
"__import__.location_loc_AE18A1","14"
"__import__.location_loc_AE18A2","60"
"__import__.location_loc_AE18A3","99"
"__import__.location_loc_AE18A4","94"
"__import__.location_loc_AE18B1","81"
"__import__.location_loc_AE18B2","19"
"__import__.location_loc_AE18B3","03"
"__import__.location_loc_AE18B4","91"
"__import__.location_loc_AE18B5","40"
"__import__.location_loc_AE20A1","77"
"__import__.location_loc_AE20A2","02"
"__import__.location_loc_AE20A3","34"
"__setup__.stock_location_aligap_AE21A1","61"
"__setup__.stock_location_aligap_AE21A2","83"
"__setup__.stock_location_aligap_AE21A3","29"
"__setup__.stock_location_aligap_AE21A4","57"
"__setup__.stock_location_aligap_AE21B1","55"
"__setup__.stock_location_aligap_AE21B2","78"
"__setup__.stock_location_aligap_AE21B3","14"
"__setup__.stock_location_aligap_AE21B4","32"
"__setup__.stock_location_aligap_AE22A1","44"
"__setup__.stock_location_aligap_AE22A2","74"
"__setup__.stock_location_aligap_AE22A3","45"
"__setup__.stock_location_aligap_AE22A4","30"
"__setup__.stock_location_aligap_AE22B1","04"
"__setup__.stock_location_aligap_AE22B2","13"
"__setup__.stock_location_aligap_AE22B3","34"
"__setup__.stock_location_aligap_AE22B4","14"
"__import__.location_loc_AEA110","04"
"__import__.location_loc_AEA140","39"
"__import__.location_loc_AEB120","55"
"__import__.location_loc_AEB130","14"
"__import__.location_loc_AEB240","02"
"__import__.location_loc_AEC120","14"
"__import__.location_loc_AEC220","02"
"__import__.location_loc_AEC240","33"
"__import__.location_loc_AEE110","54"
"__import__.location_loc_AEE130","06"
"__import__.location_loc_AEE240","87"
"__import__.location_loc_AG02A1","18"
"__import__.location_loc_AG02A2","91"
"__import__.location_loc_AG02A3","06"
"__import__.location_loc_AG02A4","71"
"__import__.location_loc_AG02A5","61"
"__import__.location_loc_AG02A6","60"
"__import__.location_loc_AG02A7","70"
"__import__.location_loc_AG02A8","55"
"__import__.location_loc_AG02B1","11"
"__import__.location_loc_AG02B2","79"
"__import__.location_loc_AG02B3","42"
"__import__.location_loc_AG02B4","23"
"__import__.location_loc_AG02B5","27"
"__import__.location_loc_AG02B6","14"
"__import__.location_loc_AG02B7","41"
"__import__.location_loc_AG02B8","62"
"__import__.location_loc_AG02C1","25"
"__import__.location_loc_AG02C2","04"
"__import__.location_loc_AG02C3","95"
"__import__.location_loc_AG02C4","88"
"__import__.location_loc_AG02C5","30"
"__import__.location_loc_AG02C6","53"
"__import__.location_loc_AG02C7","22"
"__import__.location_loc_AG02C8","35"
"__import__.location_loc_AG04C4","13"
"__import__.location_loc_AG05A1","25"
"__import__.location_loc_AG05A2","21"
"__import__.location_loc_AG05A3","41"
"__import__.location_loc_AG05A4","56"
"__import__.location_loc_AG05A5","64"
"__import__.location_loc_AG05A6","18"
"__import__.location_loc_AG05B1","50"
"__import__.location_loc_AG05B2","47"
"__import__.location_loc_AG05B3","13"
"__import__.location_loc_AG05B4","09"
"__import__.location_loc_AG05B5","67"
"__import__.location_loc_AG05B6","54"
"__import__.location_loc_AG05B7","80"
"__import__.location_loc_AG06A1","31"
"__import__.location_loc_AG06A2","94"
"__import__.location_loc_AG06A3","19"
"__import__.location_loc_AG06A4","73"
"__import__.location_loc_AG06A5","51"
"__import__.location_loc_AG06A6","88"
"__import__.location_loc_AG06B1","71"
"__import__.location_loc_AG06B2","82"
"__import__.location_loc_AG06B3","36"
"__import__.location_loc_AG06B4","33"
"__import__.location_loc_AG06B5","32"
"__import__.location_loc_AG06B6","26"
"__import__.location_loc_AG06B7","70"
"__import__.location_loc_AG06B8","18"
"__import__.location_loc_AG07A1","43"
"__import__.location_loc_AG07A2","36"
"__import__.location_loc_AG07A3","50"
"__import__.location_loc_AG07A4","63"
"__import__.location_loc_AG07A5","76"
"__import__.location_loc_AG07A6","51"
"__import__.location_loc_AG07A7","07"
"__import__.location_loc_AG07B1","58"
"__import__.location_loc_AG07B2","02"
"__import__.location_loc_AG07B3","75"
"__import__.location_loc_AG07B4","06"
"__import__.location_loc_AG07B5","23"
"__import__.location_loc_AG07B7","44"
"__import__.location_loc_AG08A1","20"
"__import__.location_loc_AG08A2","15"
"__import__.location_loc_AG08A3","96"
"__import__.location_loc_AG08A4","07"
"__import__.location_loc_AG08A5","93"
"__import__.location_loc_AG08A6","80"
"__import__.location_loc_AG08B1","61"
"__import__.location_loc_AG08B2","88"
"__import__.location_loc_AG08B3","30"
"__import__.location_loc_AG08B4","64"
"__import__.location_loc_AG08B5","45"
"__import__.location_loc_AG08B6","90"
"__import__.location_loc_AG08B7","68"
"__import__.location_loc_AG08B8","27"
"__import__.location_loc_AG09A1","45"
"__import__.location_loc_AG09A2","53"
"__import__.location_loc_AG09A3","16"
"__import__.location_loc_AG09A4","04"
"__import__.location_loc_AG09B1","89"
"__import__.location_loc_AG09B2","43"
"__import__.location_loc_AG09B3","05"
"__import__.location_loc_AG09B4","68"
"__import__.location_loc_AG09B5","35"
"__import__.location_loc_AG09B6","18"
"__import__.location_loc_AG09B7","34"
"__import__.location_loc_AG10A1","88"
"__import__.location_loc_AG10A2","32"
"__import__.location_loc_AG10A3","52"
"__import__.location_loc_AG10A4","09"
"__import__.location_loc_AG10A5","42"
"__import__.location_loc_AG10A6","64"
"__import__.location_loc_AG10B1","82"
"__import__.location_loc_AG10B2","18"
"__import__.location_loc_AG10B3","22"
"__import__.location_loc_AG10B4","98"
"__import__.location_loc_AG10B5","38"
"__import__.location_loc_AG10B6","02"
"__import__.location_loc_AG10B7","24"
"__import__.location_loc_AG10B8","53"
"__import__.location_loc_AG13A1","57"
"__import__.location_loc_AG13A2","34"
"__import__.location_loc_AG13A3","04"
"__import__.location_loc_AG13A4","92"
"__import__.location_loc_AG13A5","69"
"__import__.location_loc_AG13B1","01"
"__import__.location_loc_AG13B2","31"
"__import__.location_loc_AG13B3","37"
"__import__.location_loc_AG13B4","66"
"__import__.location_loc_AG13B5","81"
"__import__.location_loc_AG13B6","62"
"__import__.location_loc_AG14A1","06"
"__import__.location_loc_AG14A2","97"
"__import__.location_loc_AG14A3","62"
"__import__.location_loc_AG14A4","20"
"__import__.location_loc_AG14B1","51"
"__import__.location_loc_AG14B2","61"
"__import__.location_loc_AG14B3","54"
"__import__.location_loc_AG14B4","11"
"__import__.location_loc_AG14B5","07"
"__import__.location_loc_AG14B6","34"
"__import__.location_loc_AG14B7","26"
"__import__.location_loc_AG15A1","81"
"__import__.location_loc_AG15A2","62"
"__import__.location_loc_AG15A3","80"
"__import__.location_loc_AG15A4","53"
"__import__.location_loc_AG15B1","69"
"__import__.location_loc_AG15B2","05"
"__import__.location_loc_AG15B3","26"
"__import__.location_loc_AG15B4","39"
"__import__.location_loc_AG15B5","78"
"__import__.location_loc_AG15B6","07"
"__import__.location_loc_AG16A1","52"
"__import__.location_loc_AG16A2","73"
"__import__.location_loc_AG16A3","05"
"__import__.location_loc_AG16A4","96"
"__import__.location_loc_AG16B1","10"
"__import__.location_loc_AG16B2","49"
"__import__.location_loc_AG16B3","25"
"__import__.location_loc_AG16B4","65"
"__import__.location_loc_AG16B5","85"
"__import__.location_loc_AG16B6","16"
"__import__.location_loc_AG16B7","03"
"__import__.location_loc_AG17A1","39"
"__import__.location_loc_AG17A2","82"
"__import__.location_loc_AG17A3","93"
"__import__.location_loc_AG17A4","88"
"__import__.location_loc_AG17B1","67"
"__import__.location_loc_AG17B2","16"
"__import__.location_loc_AG17B3","52"
"__import__.location_loc_AG17B4","94"
"__import__.location_loc_AG18A1","23"
"__import__.location_loc_AG18A2","20"
"__import__.location_loc_AG18A3","37"
"__import__.location_loc_AG18A4","49"
"__import__.location_loc_AG18B1","92"
"__import__.location_loc_AG18B2","44"
"__import__.location_loc_AG18B3","86"
"__import__.location_loc_AG18B4","71"
"__import__.location_loc_AG18B5","09"
"__import__.location_loc_AG18B6","48"
"__import__.location_loc_AG18B7","40"
"__import__.location_loc_AG19A1","14"
"__import__.location_loc_AG19A2","13"
"__import__.location_loc_AG19A3","78"
"__import__.location_loc_AG19A4","44"
"__import__.location_loc_AG19B1","55"
"__import__.location_loc_AG19B2","74"
"__import__.location_loc_AG19B3","51"
"__import__.location_loc_AG19B4","28"
"__import__.location_loc_AG20A1","16"
"__import__.location_loc_AG20A2","78"
"__import__.location_loc_AG20A3","71"
"__import__.location_loc_AG20A4","72"
"__import__.location_loc_AG20B1","87"
"__import__.location_loc_AG20B2","42"
"__import__.location_loc_AG20B3","21"
"__import__.location_loc_AG20B4","38"
"__import__.location_loc_AG20B5","47"
"__import__.location_loc_AG20B6","30"
"__import__.location_loc_AG21B6","35"
"__import__.location_loc_AG22A1","56"
"__import__.location_loc_AG22A2","27"
"__import__.location_loc_AG22A3","74"
"__import__.location_loc_AG22A4","24"
"__import__.location_loc_AG22B1","02"
"__import__.location_loc_AG22B2","20"
"__import__.location_loc_AG22B3","45"
"__import__.location_loc_AG22B4","19"
"__import__.location_loc_AG22B5","15"
"__import__.location_loc_AGB120","63"
"__import__.location_loc_AGC130","14"
"__import__.location_loc_AGE110","65"
"__import__.location_loc_AH01A1","29"
"__import__.location_loc_AH01A2","83"
"__import__.location_loc_AH01A3","91"
"__import__.location_loc_AH01A4","08"
"__import__.location_loc_AH01A5","46"
"__import__.location_loc_AH01A6","61"
"__import__.location_loc_AH01B1","19"
"__import__.location_loc_AH01B2","68"
"__import__.location_loc_AH01B3","16"
"__import__.location_loc_AH01B5","74"
"__import__.location_loc_AH01B6","04"
"__import__.location_loc_AH01B7","34"
"__import__.location_loc_AH01C1","50"
"__import__.location_loc_AH01C2","92"
"__import__.location_loc_AH01C3","52"
"__import__.location_loc_AH01C4","56"
"__import__.location_loc_AH01C5","02"
"__import__.location_loc_AH01C6","45"
"__import__.location_loc_AH01C7","30"
"__import__.location_loc_AH01C8","40"
"__import__.location_loc_AH02A1","16"
"__import__.location_loc_AH02A2","46"
"__import__.location_loc_AH02A3","93"
"__import__.location_loc_AH02A4","97"
"__import__.location_loc_AH02A5","63"
"__import__.location_loc_AH02A6","73"
"__import__.location_loc_AH02A7","96"
"__import__.location_loc_AH02B1","82"
"__import__.location_loc_AH02B2","28"
"__import__.location_loc_AH02B3","47"
"__import__.location_loc_AH02B4","24"
"__import__.location_loc_AH02B5","01"
"__import__.location_loc_AH02B6","18"
"__import__.location_loc_AH02B7","64"
"__import__.location_loc_AH02B8","50"
"__import__.location_loc_AH02C1","60"
"__import__.location_loc_AH02C2","65"
"__import__.location_loc_AH02C3","72"
"__import__.location_loc_AH02C4","31"
"__import__.location_loc_AH02C5","14"
"__import__.location_loc_AH02C6","59"
"__import__.location_loc_AH02C7","80"
"__import__.location_loc_AH02C8","21"
"__import__.location_loc_AH03A1","18"
"__import__.location_loc_AH03A2","93"
"__import__.location_loc_AH03A3","89"
"__import__.location_loc_AH03A4","24"
"__import__.location_loc_AH03A5","03"
"__import__.location_loc_AH03A6","56"
"__import__.location_loc_AH03B1","50"
"__import__.location_loc_AH03B2","94"
"__import__.location_loc_AH03B3","76"
"__import__.location_loc_AH03B4","36"
"__import__.location_loc_AH03B5","64"
"__import__.location_loc_AH03B6","79"
"__import__.location_loc_AH03B7","77"
"__import__.location_loc_AH03B8","51"
"__import__.location_loc_AH03C1","55"
"__import__.location_loc_AH03C2","05"
"__import__.location_loc_AH03C3","09"
"__import__.location_loc_AH03C4","27"
"__import__.location_loc_AH03C5","95"
"__import__.location_loc_AH03C6","22"
"__import__.location_loc_AH03C7","49"
"__import__.location_loc_AH03C8","91"
"__import__.location_loc_AH04A1","57"
"__import__.location_loc_AH04A2","81"
"__import__.location_loc_AH04A3","21"
"__import__.location_loc_AH04A4","71"
"__import__.location_loc_AH04A5","38"
"__import__.location_loc_AH04A6","01"
"__import__.location_loc_AH04B1","49"
"__import__.location_loc_AH04B2","36"
"__import__.location_loc_AH04B3","13"
"__import__.location_loc_AH04B4","69"
"__import__.location_loc_AH04B5","56"
"__import__.location_loc_AH04B6","14"
"__import__.location_loc_AH04B7","90"
"__import__.location_loc_AH04B8","19"
"__import__.location_loc_AH04C1","84"
"__import__.location_loc_AH04C2","41"
"__import__.location_loc_AH04C3","17"
"__import__.location_loc_AH04C4","42"
"__import__.location_loc_AH04C5","50"
"__import__.location_loc_AH04C6","43"
"__import__.location_loc_AH04C7","11"
"__import__.location_loc_AH04C8","04"
"__import__.location_loc_AH05A1","45"
"__import__.location_loc_AH05A2","79"
"__import__.location_loc_AH05A3","65"
"__import__.location_loc_AH05A4","34"
"__import__.location_loc_AH05A5","86"
"__import__.location_loc_AH05A6","07"
"__import__.location_loc_AH05A7","15"
"__import__.location_loc_AH05B1","87"
"__import__.location_loc_AH05B2","53"
"__import__.location_loc_AH05B3","48"
"__import__.location_loc_AH05B4","63"
"__import__.location_loc_AH05B5","52"
"__import__.location_loc_AH05B6","02"
"__import__.location_loc_AH05B7","71"
"__import__.location_loc_AH05B8","10"
"__import__.location_loc_AH05C1","37"
"__import__.location_loc_AH05C2","14"
"__import__.location_loc_AH05C3","83"
"__import__.location_loc_AH05C4","80"
"__import__.location_loc_AH05C5","76"
"__import__.location_loc_AH05C6","01"
"__import__.location_loc_AH05C7","13"
"__import__.location_loc_AH05C8","96"
"__import__.location_loc_AH06A1","84"
"__import__.location_loc_AH06A2","15"
"__import__.location_loc_AH06A3","52"
"__import__.location_loc_AH06A4","74"
"__import__.location_loc_AH06A5","42"
"__import__.location_loc_AH06A6","58"
"__import__.location_loc_AH06A7","62"
"__import__.location_loc_AH06A8","61"
"__import__.location_loc_AH06B1","47"
"__import__.location_loc_AH06B3","45"
"__import__.location_loc_AH06B4","03"
"__import__.location_loc_AH06B5","53"
"__import__.location_loc_AH06B6","99"
"__import__.location_loc_AH06B7","05"
"__import__.location_loc_AH06B8","02"
"__import__.location_loc_AH06C1","71"
"__import__.location_loc_AH06C2","59"
"__import__.location_loc_AH06C3","10"
"__import__.location_loc_AH06C4","55"
"__import__.location_loc_AH06C5","63"
"__import__.location_loc_AH06C6","98"
"__import__.location_loc_AH06C7","19"
"__import__.location_loc_AH06C8","46"
"__import__.location_loc_AH07A1","72"
"__import__.location_loc_AH07A2","06"
"__import__.location_loc_AH07A3","94"
"__import__.location_loc_AH07A4","77"
"__import__.location_loc_AH07A5","51"
"__import__.location_loc_AH07A6","53"
"__import__.location_loc_AH07A7","80"
"__import__.location_loc_AH07B1","03"
"__import__.location_loc_AH07B2","59"
"__import__.location_loc_AH07B3","27"
"__import__.location_loc_AH07B4","33"
"__import__.location_loc_AH07B5","07"
"__import__.location_loc_AH07B6","95"
"__import__.location_loc_AH07B7","22"
"__import__.location_loc_AH07B8","30"
"__import__.location_loc_AH07C1","97"
"__import__.location_loc_AH07C2","81"
"__import__.location_loc_AH07C3","49"
"__import__.location_loc_AH07C4","79"
"__import__.location_loc_AH07C5","39"
"__import__.location_loc_AH07C6","87"
"__import__.location_loc_AH07C7","10"
"__import__.location_loc_AH07C8","41"
"__import__.location_loc_AH08A1","82"
"__import__.location_loc_AH08A2","57"
"__import__.location_loc_AH08A3","39"
"__import__.location_loc_AH08A4","44"
"__import__.location_loc_AH08A5","83"
"__import__.location_loc_AH08A6","68"
"__import__.location_loc_AH08A7","08"
"__import__.location_loc_AH08A8","86"
"__import__.location_loc_AH08B1","25"
"__import__.location_loc_AH08B2","14"
"__import__.location_loc_AH08B3","23"
"__import__.location_loc_AH08B4","52"
"__import__.location_loc_AH08B5","61"
"__import__.location_loc_AH08B6","84"
"__import__.location_loc_AH08B7","62"
"__import__.location_loc_AH08B8","94"
"__import__.location_loc_AH08C1","73"
"__import__.location_loc_AH08C2","16"
"__import__.location_loc_AH08C3","54"
"__import__.location_loc_AH08C4","02"
"__import__.location_loc_AH08C5","81"
"__import__.location_loc_AH08C6","66"
"__import__.location_loc_AH08C7","22"
"__import__.location_loc_AH08C8","85"
"__import__.location_loc_AH09A1","96"
"__import__.location_loc_AH09A2","34"
"__import__.location_loc_AH09A3","48"
"__import__.location_loc_AH09A4","10"
"__import__.location_loc_AH09A5","05"
"__import__.location_loc_AH09A6","35"
"__import__.location_loc_AH09A7","24"
"__import__.location_loc_AH09B1","32"
"__import__.location_loc_AH09B2","49"
"__import__.location_loc_AH09B3","29"
"__import__.location_loc_AH09B4","02"
"__import__.location_loc_AH09B5","66"
"__import__.location_loc_AH09B6","41"
"__import__.location_loc_AH09B7","75"
"__import__.location_loc_AH09B8","60"
"__import__.location_loc_AH09C1","04"
"__import__.location_loc_AH09C2","01"
"__import__.location_loc_AH09C3","93"
"__import__.location_loc_AH09C4","91"
"__import__.location_loc_AH09C5","69"
"__import__.location_loc_AH09C6","47"
"__import__.location_loc_AH09C7","62"
"__import__.location_loc_AH09C8","74"
"__import__.location_loc_AH10A1","30"
"__import__.location_loc_AH10A2","07"
"__import__.location_loc_AH10A3","51"
"__import__.location_loc_AH10A4","06"
"__import__.location_loc_AH10A5","20"
"__import__.location_loc_AH10A6","50"
"__import__.location_loc_AH10B1","72"
"__import__.location_loc_AH10B2","21"
"__import__.location_loc_AH10B3","40"
"__import__.location_loc_AH10B4","10"
"__import__.location_loc_AH10B5","02"
"__import__.location_loc_AH10B6","78"
"__import__.location_loc_AH10B7","28"
"__import__.location_loc_AH10B8","82"
"__import__.location_loc_AH10C1","03"
"__import__.location_loc_AH10C2","52"
"__import__.location_loc_AH10C3","04"
"__import__.location_loc_AH10C4","64"
"__import__.location_loc_AH10C5","90"
"__import__.location_loc_AH10C6","96"
"__import__.location_loc_AH10C7","44"
"__import__.location_loc_AH10C8","42"
"__import__.location_loc_AH13A1","55"
"__import__.location_loc_AH13B1","96"
"__import__.location_loc_AH13B2","47"
"__import__.location_loc_AH13B3","54"
"__import__.location_loc_AH13B4","92"
"__import__.location_loc_AH13B5","44"
"__import__.location_loc_AH13B6","15"
"__import__.location_loc_AH13B7","30"
"__import__.location_loc_AH13C1","22"
"__import__.location_loc_AH13C2","68"
"__import__.location_loc_AH13C3","62"
"__import__.location_loc_AH13C4","94"
"__import__.location_loc_AH13C5","85"
"__import__.location_loc_AH13C6","24"
"__import__.location_loc_AH13C7","53"
"__import__.location_loc_AH13C8","82"
"__import__.location_loc_AH14B1","16"
"__import__.location_loc_AH14B2","40"
"__import__.location_loc_AH14B3","10"
"__import__.location_loc_AH14C1","72"
"__import__.location_loc_AH14C2","62"
"__import__.location_loc_AHA130","77"
"__import__.location_loc_AHB130","95"
"__import__.location_loc_AHC120","05"
"__import__.location_loc_AHD110","07"
"__import__.location_loc_AHE110","66"
"__import__.location_loc_AI03A1","91"
"__import__.location_loc_AI03A3","10"
"__import__.location_loc_AI03A4","51"
"__import__.location_loc_AI03A5","57"
"__import__.location_loc_AI03A6","17"
"__import__.location_loc_AI03A7","63"
"__import__.location_loc_AI03B1","04"
"__import__.location_loc_AI03B2","48"
"__import__.location_loc_AI03B3","68"
"__import__.location_loc_AI03B4","08"
"__import__.location_loc_AI03B5","83"
"__import__.location_loc_AI03B6","54"
"__import__.location_loc_AI03B7","46"
"__import__.location_loc_AI03B8","85"
"__import__.location_loc_AI03C1","61"
"__import__.location_loc_AI03C2","41"
"__import__.location_loc_AI03C3","13"
"__import__.location_loc_AI03C4","30"
"__import__.location_loc_AI03C5","69"
"__import__.location_loc_AI03C6","42"
"__import__.location_loc_AI03C7","32"
"__import__.location_loc_AI03C8","21"
"__import__.location_loc_AI04A1","52"
"__import__.location_loc_AI04A2","22"
"__import__.location_loc_AI04A3","96"
"__import__.location_loc_AI04A4","59"
"__import__.location_loc_AI04A5","43"
"__import__.location_loc_AI04A6","68"
"__import__.location_loc_AI04A7","58"
"__import__.location_loc_AI04A8","41"
"__import__.location_loc_AI04B1","61"
"__import__.location_loc_AI04B3","75"
"__import__.location_loc_AI04B4","29"
"__import__.location_loc_AI04B5","15"
"__import__.location_loc_AI04B6","01"
"__import__.location_loc_AI04B7","66"
"__import__.location_loc_AI04B8","36"
"__import__.location_loc_AI04C1","30"
"__import__.location_loc_AI04C2","32"
"__import__.location_loc_AI04C3","51"
"__import__.location_loc_AI04C5","14"
"__import__.location_loc_AI04C6","87"
"__import__.location_loc_AI04C7","82"
"__import__.location_loc_AI04C8","33"
"__import__.location_loc_AI05A4","65"
"__import__.location_loc_AI05A5","66"
"__import__.location_loc_AI05A6","49"
"__import__.location_loc_AI05A7","01"
"__import__.location_loc_AI05A8","29"
"__import__.location_loc_AI05B5","62"
"__import__.location_loc_AI05B6","82"
"__import__.location_loc_AI05B7","37"
"__import__.location_loc_AI05B8","99"
"__import__.location_loc_AI05C1","33"
"__import__.location_loc_AI05C2","89"
"__import__.location_loc_AI05C3","63"
"__import__.location_loc_AI05C4","91"
"__import__.location_loc_AI05C5","26"
"__import__.location_loc_AI05C6","72"
"__import__.location_loc_AI05C7","04"
"__import__.location_loc_AI05C8","88"
"__import__.location_loc_AI06A1","75"
"__import__.location_loc_AI06A2","93"
"__import__.location_loc_AI06A3","28"
"__import__.location_loc_AI06A4","10"
"__import__.location_loc_AI06A5","21"
"__import__.location_loc_AI06A6","04"
"__import__.location_loc_AI06A7","51"
"__import__.location_loc_AI06B1","44"
"__import__.location_loc_AI06B2","78"
"__import__.location_loc_AI06B3","05"
"__import__.location_loc_AI06B4","41"
"__import__.location_loc_AI06B5","96"
"__import__.location_loc_AI06B6","43"
"__import__.location_loc_AI06B7","52"
"__import__.location_loc_AI06B8","89"
"__import__.location_loc_AI06C1","95"
"__import__.location_loc_AI06C2","97"
"__import__.location_loc_AI06C3","62"
"__import__.location_loc_AI06C4","99"
"__import__.location_loc_AI06C5","02"
"__import__.location_loc_AI06C6","48"
"__import__.location_loc_AI06C7","09"
"__import__.location_loc_AI06C8","11"
"__import__.location_loc_AI07A4","04"
"__import__.location_loc_AI07A5","63"
"__import__.location_loc_AI07A6","92"
"__import__.location_loc_AI07A7","05"
"__import__.location_loc_AI07A8","53"
"__import__.location_loc_AI07B1","08"
"__import__.location_loc_AI07B5","30"
"__import__.location_loc_AI07B6","03"
"__import__.location_loc_AI07B7","42"
"__import__.location_loc_AI07B8","73"
"__import__.location_loc_AI07C1","18"
"__import__.location_loc_AI07C2","85"
"__import__.location_loc_AI07C3","21"
"__import__.location_loc_AI07C4","52"
"__import__.location_loc_AI07C5","32"
"__import__.location_loc_AI07C7","44"
"__import__.location_loc_AI08A5","89"
"__import__.location_loc_AI08A6","31"
"__import__.location_loc_AI08B1","59"
"__import__.location_loc_AI08B2","16"
"__import__.location_loc_AI08B3","85"
"__import__.location_loc_AI08B4","53"
"__import__.location_loc_AI08B5","17"
"__import__.location_loc_AI08B6","11"
"__import__.location_loc_AI08B7","88"
"__import__.location_loc_AI08B8","10"
"__import__.location_loc_AI08C1","05"
"__import__.location_loc_AI08C2","51"
"__import__.location_loc_AI08C3","52"
"__import__.location_loc_AI08C4","60"
"__import__.location_loc_AI08C5","20"
"__import__.location_loc_AI08C6","38"
"__import__.location_loc_AI08C7","03"
"__import__.location_loc_AI09A4","56"
"__import__.location_loc_AI09A5","35"
"__import__.location_loc_AI09A6","55"
"__import__.location_loc_AI09B5","87"
"__import__.location_loc_AI09B6","23"
"__import__.location_loc_AI09B7","59"
"__import__.location_loc_AI09B8","67"
"__import__.location_loc_AI09C1","50"
"__import__.location_loc_AI09C2","93"
"__import__.location_loc_AI09C3","82"
"__import__.location_loc_AI09C4","22"
"__import__.location_loc_AI09C5","07"
"__import__.location_loc_AI09C6","39"
"__import__.location_loc_AI09C7","42"
"__import__.location_loc_AI09C8","26"
"__import__.location_loc_AI10C1","70"
"__import__.location_loc_AI10C2","94"
"__import__.location_loc_AI10C3","91"
"__import__.location_loc_AI10C4","32"
"__import__.location_loc_AI10C5","88"
"__import__.location_loc_AI10C6","84"
"__import__.location_loc_AI10C7","18"
"__import__.location_loc_AI10C8","01"
"__import__.location_loc_AI13A6","30"
"__import__.location_loc_AI13A7","10"
"__import__.location_loc_AI15A6","23"
"__import__.location_loc_AI15A7","82"
"__import__.location_loc_AI16A1","04"
"__import__.location_loc_AI16A2","13"
"__import__.location_loc_AI16A3","41"
"__import__.location_loc_AI16A4","50"
"__import__.location_loc_AI16B1","73"
"__import__.location_loc_AI16B2","99"
"__import__.location_loc_AI16B3","62"
"__import__.location_loc_AI16B4","11"
"__import__.location_loc_AI16B5","42"
"__import__.location_loc_AI16B6","14"
"__import__.location_loc_AI16B7","32"
"__import__.location_loc_AI16B8","07"
"__import__.location_loc_AI17A5","42"
"__import__.location_loc_AI18A1","02"
"__import__.location_loc_AI18A2","87"
"__import__.location_loc_AI18A3","59"
"__import__.location_loc_AI18A4","95"
"__import__.location_loc_AI18A5","39"
"__import__.location_loc_AI18A6","24"
"__import__.location_loc_AI18B1","17"
"__import__.location_loc_AI18B2","74"
"__import__.location_loc_AI18B3","69"
"__import__.location_loc_AI18B4","35"
"__import__.location_loc_AI18B5","77"
"__import__.location_loc_AI18B6","46"
"__import__.location_loc_AI18B7","43"
"__import__.location_loc_AI19A1","76"
"__import__.location_loc_AI19A2","30"
"__import__.location_loc_AI19A3","33"
"__import__.location_loc_AI19A4","25"
"__import__.location_loc_AI19B1","79"
"__import__.location_loc_AI19B2","20"
"__import__.location_loc_AI19B3","26"
"__import__.location_loc_AI19B4","61"
"__import__.location_loc_AI19B5","02"
"__import__.location_loc_AI19B6","21"
"__import__.location_loc_AI19B7","97"
"__import__.location_loc_AI19B8","16"
"__import__.location_loc_AI19C1","46"
"__import__.location_loc_AI19C2","04"
"__import__.location_loc_AI19C3","31"
"__import__.location_loc_AI19C4","43"
"__import__.location_loc_AI19C5","50"
"__import__.location_loc_AI19C6","35"
"__import__.location_loc_AI19C7","14"
"__import__.location_loc_AI19C8","51"
"__import__.location_loc_AI20A1","90"
"__import__.location_loc_AI20A2","21"
"__import__.location_loc_AI20A3","67"
"__import__.location_loc_AI20A4","44"
"__import__.location_loc_AI20A5","84"
"__import__.location_loc_AI20A6","05"
"__import__.location_loc_AI20B1","30"
"__import__.location_loc_AI20B2","60"
"__import__.location_loc_AI20B3","61"
"__import__.location_loc_AI20B4","02"
"__import__.location_loc_AI20B5","03"
"__import__.location_loc_AI20B6","83"
"__import__.location_loc_AI20B7","40"
"__import__.location_loc_AI20B8","24"
"__import__.location_loc_AI21A1","79"
"__import__.location_loc_AI21A2","32"
"__import__.location_loc_AI21A3","02"
"__import__.location_loc_AI21B1","11"
"__import__.location_loc_AI21B2","17"
"__import__.location_loc_AI21B3","96"
"__import__.location_loc_AI21B4","45"
"__import__.location_loc_AI21B5","43"
"__import__.location_loc_AI21C1","06"
"__import__.location_loc_AI21C2","29"
"__import__.location_loc_AI21C3","07"
"__import__.location_loc_AI21C4","36"
"__import__.location_loc_AI21C5","82"
"__import__.location_loc_AI21C6","08"
"__import__.location_loc_AI22A1","15"
"__import__.location_loc_AI22A2","91"
"__import__.location_loc_AI22A3","39"
"__import__.location_loc_AI22A4","19"
"__import__.location_loc_AI22A5","58"
"__import__.location_loc_AI22B1","36"
"__import__.location_loc_AI22B2","41"
"__import__.location_loc_AI22B3","44"
"__import__.location_loc_AI22B4","37"
"__import__.location_loc_AI22B5","71"
"__import__.location_loc_AI22B6","29"
"__import__.location_loc_AI22B7","69"
"__import__.location_loc_AI22B8","50"
"__import__.location_loc_AIC130","58"
"__import__.location_loc_AIE130","15"
