"id","bin_checksum_2"
"__import__.location_loc_QA01A1","65"
"__import__.location_loc_QA01A2","35"
"__import__.location_loc_QA01B1","32"
"__import__.location_loc_QA01B3","74"
"__import__.location_loc_QA01C1","76"
"__import__.location_loc_QA01C3","31"
"__import__.location_loc_QA01D1","68"
"__import__.location_loc_QA01D2","09"
"__import__.location_loc_QA02A1","56"
"__import__.location_loc_QA02A3","99"
"__import__.location_loc_QA02B1","50"
"__import__.location_loc_QA02B3","40"
"__import__.location_loc_QA02C1","93"
"__import__.location_loc_QA02C2","58"
"__import__.location_loc_QA02C3","78"
"__import__.location_loc_QA02D1","86"
"__import__.location_loc_QA02D2","73"
"__import__.location_loc_QA02D3","05"
"__import__.location_loc_QA03A1","67"
"__import__.location_loc_QA03A2","46"
"__import__.location_loc_QA03B1","22"
"__import__.location_loc_QA03B2","16"
"__import__.location_loc_QA03C1","01"
"__import__.location_loc_QA03C2","78"
"__import__.location_loc_QA03C3","27"
"__import__.location_loc_QA03D1","29"
"__import__.location_loc_QA03D2","49"
"__import__.location_loc_QA03D3","74"
"__import__.location_loc_QA04A1","20"
"__import__.location_loc_QA04A2","38"
"__import__.location_loc_QA04A3","15"
"__import__.location_loc_QA04B1","92"
"__import__.location_loc_QA04B3","64"
"__import__.location_loc_QA04C1","28"
"__import__.location_loc_QA04C2","76"
"__import__.location_loc_QA04D1","14"
"__import__.location_loc_QA04D2","36"
"__import__.location_loc_QA04D3","94"
"__import__.location_loc_QA05A1","32"
"__import__.location_loc_QA05A2","05"
"__import__.location_loc_QA05A3","45"
"__import__.location_loc_QA05B2","28"
"__import__.location_loc_QA05B3","57"
"__import__.location_loc_QA05C1","75"
"__import__.location_loc_QA05C2","97"
"__import__.location_loc_QA05C3","52"
"__import__.location_loc_QA05D1","21"
"__import__.location_loc_QA05D2","53"
"__import__.location_loc_QA05D3","65"
"__import__.location_loc_QA06A1","02"
"__import__.location_loc_QA06A2","54"
"__import__.location_loc_QA06B1","09"
"__import__.location_loc_QA06B3","73"
"__import__.location_loc_QA06C1","07"
"__import__.location_loc_QA06C2","22"
"__import__.location_loc_QA06D1","39"
"__import__.location_loc_QA06D2","55"
"__import__.location_loc_QA07A1","19"
"__import__.location_loc_QA07A2","82"
"__import__.location_loc_QA07A3","79"
"__import__.location_loc_QA07B1","16"
"__import__.location_loc_QA07B2","52"
"__import__.location_loc_QA07B3","63"
"__import__.location_loc_QA07C1","03"
"__import__.location_loc_QA07C2","33"
"__import__.location_loc_QA07C3","74"
"__import__.location_loc_QA07D1","75"
"__import__.location_loc_QA07D2","48"
"__import__.location_loc_QA07D3","66"
"__import__.location_loc_QA08A1","17"
"__import__.location_loc_QA08A2","68"
"__import__.location_loc_QA08A3","98"
"__import__.location_loc_QA08B1","02"
"__import__.location_loc_QA08B2","10"
"__import__.location_loc_QA08B3","66"
"__import__.location_loc_QA08C1","04"
"__import__.location_loc_QA08C2","49"
"__import__.location_loc_QA08C3","67"
"__import__.location_loc_QA08D1","90"
"__import__.location_loc_QA08D2","92"
"__import__.location_loc_QB03A1","01"
"__import__.location_loc_QB03A2","48"
"__import__.location_loc_QB03A3","42"
"__import__.location_loc_QB03A4","64"
"__import__.location_loc_QB03A5","54"
"__import__.location_loc_QB03B1","98"
"__import__.location_loc_QB03B2","97"
"__import__.location_loc_QB03B3","79"
"__import__.location_loc_QB03B5","86"
"__import__.location_loc_QB03C1","84"
"__import__.location_loc_QB03C5","87"
"__import__.location_loc_QB03D2","02"
"__import__.location_loc_QB03D3","26"
"__import__.location_loc_QB03D4","11"
"__import__.location_loc_QB03D5","29"
"__import__.location_loc_QB05A1","43"
"__import__.location_loc_QB05A4","90"
"__import__.location_loc_QB05B1","67"
"__import__.location_loc_QB05B2","04"
"__import__.location_loc_QB05C2","02"
"__import__.location_loc_QB05D1","84"
"__import__.location_loc_QB05D2","46"
"__import__.location_loc_QB05D3","76"
"__import__.location_loc_QD03A1","87"
"__import__.location_loc_QD03A2","11"
"__import__.location_loc_QD03A3","45"
"__import__.location_loc_QD03B1","08"
"__import__.location_loc_QD03B2","86"
"__import__.location_loc_QD03B3","46"
"__import__.location_loc_QD03C1","69"
"__import__.location_loc_QD03C2","66"
"__import__.location_loc_QD03C3","95"
"__import__.location_loc_QD03C4","75"
"__import__.location_loc_QD03D1","25"
"__import__.location_loc_QD03D2","50"
"__import__.location_loc_QD03D3","41"
"__import__.location_loc_QD03D4","81"
"__import__.location_loc_QD04A2","24"
"__import__.location_loc_QD04A3","28"
"__import__.location_loc_QD04B1","87"
"__import__.location_loc_QD04B2","53"
"__import__.location_loc_QD04B3","31"
"__import__.location_loc_QD04C1","78"
"__import__.location_loc_QD04C2","04"
"__import__.location_loc_QD04C3","85"
"__import__.location_loc_QD04D1","07"
"__import__.location_loc_QD04D2","80"
"__import__.location_loc_QD04D3","54"
"__import__.location_loc_QD04D4","55"
"__import__.location_loc_QD05A1","01"
"__import__.location_loc_QD05A2","54"
"__import__.location_loc_QD05A3","57"
"__import__.location_loc_QD05A4","20"
"__import__.location_loc_QD05A5","08"
"__import__.location_loc_QD05B2","33"
"__import__.location_loc_QD05B3","73"
"__import__.location_loc_QD05B4","67"
"__import__.location_loc_QD05B5","82"
"__import__.location_loc_QD05C1","36"
"__import__.location_loc_QD05C2","56"
"__import__.location_loc_QD05C3","27"
"__import__.location_loc_QD05C5","89"
"__import__.location_loc_QD05D1","90"
"__import__.location_loc_QD05D2","98"
"__import__.location_loc_QD05D3","75"
"__import__.location_loc_QD05D4","14"
"__import__.location_loc_QD05D5","18"
"__import__.location_loc_QD06A1","33"
"__import__.location_loc_QD06A2","60"
"__import__.location_loc_QD06A3","86"
"__import__.location_loc_QD06A4","57"
"__import__.location_loc_QD06A5","34"
"__import__.location_loc_QD06B1","25"
"__import__.location_loc_QD06B2","10"
"__import__.location_loc_QD06B3","76"
"__import__.location_loc_QD06B4","72"
"__import__.location_loc_QD06B5","69"
"__import__.location_loc_QD06C1","52"
"__import__.location_loc_QD06C2","36"
"__import__.location_loc_QD06C3","23"
"__import__.location_loc_QD06C4","19"
"__import__.location_loc_QD06C5","59"
"__import__.location_loc_QD06C6","43"
"__import__.location_loc_QD06D1","01"
"__import__.location_loc_QD06D2","79"
"__import__.location_loc_QD06D3","48"
"__import__.location_loc_QD06D4","02"
"__import__.location_loc_QD06D5","16"
"__import__.location_loc_QD07A1","70"
"__import__.location_loc_QD07A2","45"
"__import__.location_loc_QD07A3","06"
"__import__.location_loc_QD07A4","34"
"__import__.location_loc_QD07A5","80"
"__import__.location_loc_QD07A7","92"
"__import__.location_loc_QD07A8","40"
"__import__.location_loc_QD07B1","03"
"__import__.location_loc_QD07B2","77"
"__import__.location_loc_QD07B3","14"
"__import__.location_loc_QD07B4","50"
"__import__.location_loc_QD07B5","71"
"__import__.location_loc_QD07B6","93"
"__import__.location_loc_QD07C1","16"
"__import__.location_loc_QD07C2","24"
"__import__.location_loc_QD07C3","35"
"__import__.location_loc_QD07C4","73"
"__import__.location_loc_QD07C5","41"
"__import__.location_loc_QD07C6","68"
"__import__.location_loc_QD07D1","20"
"__import__.location_loc_QD07D2","04"
"__import__.location_loc_QD07D3","53"
"__import__.location_loc_QD07D4","27"
"__import__.location_loc_QD07D5","89"
"__import__.location_loc_QD07D6","17"
"__import__.location_loc_QD07D7","42"
"__import__.location_loc_QD08A1","03"
"__import__.location_loc_QD08A2","96"
"__import__.location_loc_QD08A3","04"
"__import__.location_loc_QD08A4","29"
"__import__.location_loc_QD08B1","32"
"__import__.location_loc_QD08B2","31"
"__import__.location_loc_QD08B3","26"
"__import__.location_loc_QD08B4","58"
"__import__.location_loc_QD08B5","16"
"__import__.location_loc_QD08C1","40"
"__import__.location_loc_QD08C3","20"
"__import__.location_loc_QD08C4","06"
"__import__.location_loc_QD08C5","05"
"__import__.location_loc_QD08D1","75"
"__import__.location_loc_QD08D2","36"
"__import__.location_loc_QD08D3","56"
"__import__.location_loc_QD08D4","99"
"__import__.location_loc_QD08D5","80"
"__import__.location_loc_QE08A1","18"
"__import__.location_loc_QE08A2","69"
"__import__.location_loc_QE08A3","44"
"__import__.location_loc_QE08A4","81"
"__import__.location_loc_QE08A5","98"
"__import__.location_loc_QE08B1","60"
"__import__.location_loc_QE08B2","83"
"__import__.location_loc_QE08B3","72"
"__import__.location_loc_QE08B4","29"
"__import__.location_loc_QE08B5","28"
"__import__.location_loc_QE08C1","73"
"__import__.location_loc_QE08C2","21"
"__import__.location_loc_QE08C3","01"
"__import__.location_loc_QE08C4","43"
"__import__.location_loc_QE08C5","57"
"__import__.location_loc_QE08D1","47"
"__import__.location_loc_QE08D2","62"
"__import__.location_loc_QE08D3","13"
"__import__.location_loc_QE08D4","52"
"__import__.location_loc_QE08D5","95"
"__import__.location_loc_QE08D6","74"
"__import__.location_loc_QE08D7","30"
"__import__.location_loc_QE09A2","92"
"__import__.location_loc_QE09A3","70"
"__import__.location_loc_QE09A4","37"
"__import__.location_loc_QE09A5","20"
"__import__.location_loc_QE09A6","31"
"__import__.location_loc_QE09B2","65"
"__import__.location_loc_QE09B3","79"
"__import__.location_loc_QE09B4","63"
"__import__.location_loc_QE09B5","83"
"__import__.location_loc_QE09B6","19"
"__import__.location_loc_QE10A1","25"
"__import__.location_loc_QE10A2","76"
"__import__.location_loc_QE10A3","82"
"__import__.location_loc_QE10A4","23"
"__import__.location_loc_QE10B1","21"
"__import__.location_loc_QE10B2","27"
"__import__.location_loc_QE10B3","63"
"__import__.location_loc_QE10B4","08"
"__import__.location_loc_QE10C1","17"
"__import__.location_loc_QE10C3","61"
"__import__.location_loc_QE10C4","54"
"__import__.location_loc_QE10C5","74"
"__import__.location_loc_QE10D1","11"
"__import__.location_loc_QE10D2","19"
"__import__.location_loc_QE10D3","01"
"__import__.location_loc_QE10D4","92"
"__import__.location_loc_QE10D5","04"
"__import__.location_loc_QE11A1","11"
"__import__.location_loc_QE11A2","63"
"__import__.location_loc_QE11A3","43"
"__import__.location_loc_QE11B2","33"
"__import__.location_loc_QE11B4","27"
"__import__.location_loc_QE11B5","09"
"__import__.location_loc_QE11B6","15"
"__import__.location_loc_QE12A1","28"
"__import__.location_loc_QE12A2","87"
"__import__.location_loc_QE12A3","99"
"__import__.location_loc_QE12B1","32"
"__import__.location_loc_QE12B2","89"
"__import__.location_loc_QE12B3","29"
"__import__.location_loc_QE12B4","51"
"__import__.location_loc_QE12B5","67"
"__import__.location_loc_QE12C1","68"
"__import__.location_loc_QE12C2","41"
"__import__.location_loc_QE12C3","08"
"__import__.location_loc_QE12C4","76"
"__import__.location_loc_QE12D1","10"
"__import__.location_loc_QE12D2","49"
"__import__.location_loc_QE12D3","50"
"__import__.location_loc_QF02A1","21"
"__import__.location_loc_QF02A2","59"
"__import__.location_loc_QF02A3","34"
"__import__.location_loc_QF02B1","18"
"__import__.location_loc_QF02B2","28"
"__import__.location_loc_QF02B3","54"
"__import__.location_loc_QF02C1","91"
"__import__.location_loc_QF02C2","52"
"__import__.location_loc_QF02C3","84"
"__import__.location_loc_QF02D1","07"
"__import__.location_loc_QF02D2","96"
"__import__.location_loc_QF02D3","72"
"__import__.location_loc_QF03A1","88"
"__import__.location_loc_QF03A2","90"
"__import__.location_loc_QF03A3","77"
"__import__.location_loc_QF03A4","60"
"__import__.location_loc_QF03A5","15"
"__import__.location_loc_QF03B1","11"
"__import__.location_loc_QF03B2","56"
"__import__.location_loc_QF03B3","02"
"__import__.location_loc_QF03B4","36"
"__import__.location_loc_QF03B5","23"
"__import__.location_loc_QF03B6","29"
"__import__.location_loc_QF04A1","09"
"__import__.location_loc_QF04A2","97"
"__import__.location_loc_QF04A3","07"
"__import__.location_loc_QF04B1","66"
"__import__.location_loc_QF04B2","94"
"__import__.location_loc_QF04B3","32"
"__import__.location_loc_QF04C3","58"
"__import__.location_loc_QF04D1","67"
"__import__.location_loc_QF04D2","88"
"__import__.location_loc_QF04D3","33"
"__import__.location_loc_QF05A1","19"
"__import__.location_loc_QF05A2","14"
"__import__.location_loc_QF05A3","28"
"__import__.location_loc_QF05A4","91"
"__import__.location_loc_QF05B1","70"
"__import__.location_loc_QF05B2","25"
"__import__.location_loc_QF05B3","22"
"__import__.location_loc_QF05B4","74"
"__import__.location_loc_QF05B5","84"
"__import__.location_loc_QF05B6","43"
"__import__.location_loc_QF06A1","04"
"__import__.location_loc_QF06A3","81"
"__import__.location_loc_QF06B1","16"
"__import__.location_loc_QF06B2","61"
"__import__.location_loc_QF06B3","62"
"__import__.location_loc_QF06C1","23"
"__import__.location_loc_QF06C3","02"
"__import__.location_loc_QF06D1","55"
"__import__.location_loc_QF06D2","97"
"__import__.location_loc_QF06D3","25"
"__import__.location_loc_QF07A1","60"
"__import__.location_loc_QF08A1","89"
"__import__.location_loc_QF08A3","66"
"__import__.location_loc_QF08B1","17"
"__import__.location_loc_QF08B2","15"
"__import__.location_loc_QF08C1","31"
"__import__.location_loc_QF08C3","49"
"__import__.location_loc_QF08D1","60"
"__import__.location_loc_QF08D2","71"
"__import__.location_loc_QF08D3","41"
"__import__.location_loc_QF09A1","57"
"__import__.location_loc_QF09A2","21"
